company,year,share
AAPL,1313964000000,23.17
AAPL,1314050400000,23.78
AAPL,1314136800000,24.10
AAPL,1314223200000,23.86
AAPL,1314309600000,24.54
AAPL,1314568800000,25.51
AAPL,1314655200000,25.19
AAPL,1314741600000,25.24
AAPL,1314828000000,24.77
AAPL,1314914400000,24.15
AAPL,1315260000000,23.74
AAPL,1315346400000,25.30
AAPL,1315432800000,24.99
AAPL,1315519200000,24.64
AAPL,1315778400000,25.20
AAPL,1315864800000,25.18
AAPL,1315951200000,25.75
AAPL,1316037600000,26.12
AAPL,1316124000000,25.52
AAPL,1316383200000,25.27
AAPL,1316469600000,24.64
AAPL,1316556000000,24.89
AAPL,1316642400000,24.31
AAPL,1316728800000,24.88
AAPL,1316988000000,25.13
AAPL,1317074400000,25.56
AAPL,1317160800000,25.11
AAPL,1317247200000,24.99
AAPL,1317333600000,24.17
AAPL,1317592800000,23.26
AAPL,1317679200000,24.04
AAPL,1317765600000,24.68
AAPL,1317852000000,25.33
AAPL,1317938400000,25.28
AAPL,1318197600000,25.76
AAPL,1318284000000,25.84
AAPL,1318370400000,25.88
AAPL,1318456800000,25.80
AAPL,1318543200000,26.81
AAPL,1318802400000,26.24
AAPL,1318888800000,26.76
AAPL,1318975200000,26.02
AAPL,1319061600000,26.08
AAPL,1319148000000,27.30
AAPL,1319407200000,28.20
AAPL,1319493600000,27.85
AAPL,1319580000000,27.81
AAPL,1319666400000,28.34
AAPL,1319752800000,29.02
AAPL,1320015600000,29.41
AAPL,1320102000000,28.59
AAPL,1320188400000,29.35
AAPL,1320274800000,30.16
AAPL,1320361200000,29.79
AAPL,1320620400000,29.92
AAPL,1320706800000,30.42
AAPL,1320793200000,28.08
AAPL,1320879600000,28.03
AAPL,1320966000000,28.43
AAPL,1321225200000,28.24
AAPL,1321311600000,28.47
AAPL,1321398000000,28.54
AAPL,1321484400000,27.69
AAPL,1321570800000,27.18
AAPL,1321830000000,26.63
AAPL,1321916400000,26.33
AAPL,1322002800000,25.94
AAPL,1322175600000,25.83
AAPL,1322434800000,26.62
AAPL,1322521200000,26.07
AAPL,1322607600000,27.42
AAPL,1322694000000,27.14
AAPL,1322780400000,27.11
AAPL,1323039600000,27.91
AAPL,1323126000000,27.96
AAPL,1323212400000,27.86
AAPL,1323298800000,27.38
AAPL,1323385200000,28.04
AAPL,1323644400000,27.39
AAPL,1323730800000,26.99
AAPL,1323817200000,26.52
AAPL,1323903600000,26.46
AAPL,1323990000000,28.20
AAPL,1324249200000,27.50
AAPL,1324335600000,28.44
AAPL,1324422000000,27.97
AAPL,1324508400000,27.89
AAPL,1324594800000,28.29
AAPL,1324940400000,28.50
AAPL,1325026800000,28.02
AAPL,1325113200000,28.31
AAPL,1325199600000,28.27
AAPL,1325545200000,28.57
AAPL,1325631600000,28.28
AAPL,1325718000000,28.48
AAPL,1325804400000,28.72
AAPL,1326063600000,28.53
AAPL,1326150000000,29.20
AAPL,1326236400000,29.32
AAPL,1326322800000,29.23
AAPL,1326409200000,28.97
AAPL,1326754800000,29.35
AAPL,1326841200000,29.89
AAPL,1326927600000,30.24
AAPL,1327014000000,30.50
AAPL,1327273200000,30.23
AAPL,1327359600000,30.95
AAPL,1327446000000,31.34
AAPL,1327532400000,31.18
AAPL,1327618800000,31.05
AAPL,1327878000000,31.00
AAPL,1327964400000,30.95
AAPL,1328050800000,31.24
AAPL,1328137200000,31.29
AAPL,1328223600000,31.85
AAPL,1328482800000,31.86
AAPL,1328569200000,32.28
AAPL,1328655600000,32.10
AAPL,1328742000000,32.65
AAPL,1328828400000,32.21
AAPL,1329087600000,32.35
AAPL,1329174000000,32.44
AAPL,1329260400000,32.46
AAPL,1329346800000,32.86
AAPL,1329433200000,32.75
AAPL,1329778800000,32.54
AAPL,1329865200000,32.33
AAPL,1329951600000,32.97
AAPL,1330038000000,33.41
AAPL,1330297200000,33.27
AAPL,1330383600000,33.27
AAPL,1330470000000,32.89
AAPL,1330556400000,33.10
AAPL,1330642800000,33.73
AAPL,1330902000000,33.22
AAPL,1330988400000,31.99
AAPL,1331074800000,32.41
AAPL,1331161200000,33.05
AAPL,1331247600000,33.64
AAPL,1331506800000,33.56
AAPL,1331593200000,34.22
AAPL,1331679600000,33.77
AAPL,1331766000000,34.17
AAPL,1331852400000,33.82
AAPL,1332111600000,34.51
AAPL,1332198000000,33.16
AAPL,1332284400000,33.56
AAPL,1332370800000,33.71
AAPL,1332457200000,33.81
AAPL,1332712800000,34.40
AAPL,1332799200000,34.63
AAPL,1332885600000,34.46
AAPL,1332972000000,34.48
AAPL,1333058400000,34.31
AAPL,1333317600000,34.70
AAPL,1333404000000,34.31
AAPL,1333490400000,33.46
AAPL,1333576800000,33.59
AAPL,1333922400000,33.22
AAPL,1334008800000,32.61
AAPL,1334095200000,33.01
AAPL,1334181600000,33.55
AAPL,1334268000000,33.18
AAPL,1334527200000,32.84
AAPL,1334613600000,33.84
AAPL,1334700000000,33.39
AAPL,1334786400000,32.91
AAPL,1334872800000,33.06
AAPL,1335132000000,32.62
AAPL,1335218400000,32.40
AAPL,1335304800000,33.13
AAPL,1335391200000,33.26
AAPL,1335477600000,33.58
AAPL,1335736800000,33.55
AAPL,1335823200000,33.77
AAPL,1335909600000,33.76
AAPL,1335996000000,33.32
AAPL,1336082400000,32.61
AAPL,1336341600000,32.52
AAPL,1336428000000,32.67
AAPL,1336514400000,32.52
AAPL,1336600800000,31.92
AAPL,1336687200000,32.20
AAPL,1336946400000,32.23
AAPL,1337032800000,32.33
AAPL,1337119200000,32.36
AAPL,1337205600000,32.01
AAPL,1337292000000,31.31
AAPL,1337551200000,32.01
AAPL,1337637600000,32.01
AAPL,1337724000000,32.18
AAPL,1337810400000,31.54
AAPL,1337896800000,31.60
AAPL,1338242400000,32.05
AAPL,1338328800000,31.29
AAPL,1338415200000,31.05
AAPL,1338501600000,29.82
AAPL,1338760800000,30.31
AAPL,1338847200000,30.70
AAPL,1338933600000,31.69
AAPL,1339020000000,31.32
AAPL,1339106400000,31.65
AAPL,1339365600000,31.13
AAPL,1339452000000,31.77
AAPL,1339538400000,31.79
AAPL,1339624800000,31.67
AAPL,1339711200000,32.39
AAPL,1339970400000,32.63
AAPL,1340056800000,32.89
AAPL,1340143200000,31.99
AAPL,1340229600000,31.23
AAPL,1340316000000,31.57
AAPL,1340575200000,30.84
AAPL,1340661600000,31.07
AAPL,1340748000000,31.41
AAPL,1340834400000,31.17
AAPL,1340920800000,32.37
AAPL,1341180000000,32.19
AAPL,1341266400000,32.51
AAPL,1341439200000,32.53
AAPL,1341525600000,31.37
AAPL,1341784800000,30.43
AAPL,1341871200000,30.44
AAPL,1341957600000,30.20
AAPL,1342044000000,30.14
AAPL,1342130400000,30.65
AAPL,1342389600000,30.40
AAPL,1342476000000,30.65
AAPL,1342562400000,31.43
AAPL,1342648800000,31.89
AAPL,1342735200000,31.38
AAPL,1342994400000,30.64
AAPL,1343080800000,30.02
AAPL,1343167200000,30.33
AAPL,1343253600000,30.95
AAPL,1343340000000,31.89
AAPL,1343599200000,31.01
AAPL,1343685600000,30.88
AAPL,1343772000000,30.69
AAPL,1343858400000,30.58
AAPL,1343944800000,32.02
AAPL,1344204000000,32.14
AAPL,1344290400000,32.37
AAPL,1344376800000,32.51
AAPL,1344463200000,32.65
AAPL,1344549600000,32.64
AAPL,1344808800000,32.27
AAPL,1344895200000,32.10
AAPL,1344981600000,32.91
AAPL,1345068000000,33.65
AAPL,1345154400000,33.80
AAPL,1345413600000,33.92
AAPL,1345500000000,33.75
AAPL,1345586400000,33.84
AAPL,1345672800000,33.50
AAPL,1345759200000,32.26
AAPL,1346018400000,32.32
AAPL,1346104800000,32.06
AAPL,1346191200000,31.96
AAPL,1346277600000,31.46
AAPL,1346364000000,31.27
AAPL,1346709600000,31.43
AAPL,1346796000000,32.26
AAPL,1346882400000,32.79
AAPL,1346968800000,32.46
AAPL,1347228000000,32.13
AAPL,1347314400000,32.43
AAPL,1347400800000,32.42
AAPL,1347487200000,32.81
AAPL,1347573600000,33.34
AAPL,1347832800000,33.41
AAPL,1347919200000,32.57
AAPL,1348005600000,33.12
AAPL,1348092000000,34.53
AAPL,1348178400000,33.83
AAPL,1348437600000,33.41
AAPL,1348524000000,32.90
AAPL,1348610400000,32.53
AAPL,1348696800000,32.80
AAPL,1348783200000,32.44
AAPL,1349042400000,32.62
AAPL,1349128800000,32.57
AAPL,1349215200000,32.60
AAPL,1349301600000,32.68
AAPL,1349388000000,32.47
AAPL,1349647200000,32.23
AAPL,1349733600000,31.68
AAPL,1349820000000,31.51
AAPL,1349906400000,31.78
AAPL,1349992800000,31.94
AAPL,1350252000000,32.33
AAPL,1350338400000,33.24
AAPL,1350424800000,33.44
AAPL,1350511200000,33.48
AAPL,1350597600000,33.24
AAPL,1350856800000,33.49
AAPL,1350943200000,33.31
AAPL,1351029600000,33.36
AAPL,1351116000000,33.40
AAPL,1351202400000,34.01
AAPL,1351638000000,34.02
AAPL,1351724400000,34.36
AAPL,1351810800000,34.39
AAPL,1352070000000,34.24
AAPL,1352156400000,34.39
AAPL,1352242800000,33.47
AAPL,1352329200000,32.98
AAPL,1352415600000,32.90
AAPL,1352674800000,32.70
AAPL,1352761200000,32.54
AAPL,1352847600000,32.23
AAPL,1352934000000,32.64
AAPL,1353020400000,32.65
AAPL,1353279600000,32.92
AAPL,1353366000000,32.64
AAPL,1353452400000,32.84
AAPL,1353625200000,33.40
AAPL,1353884400000,33.30
AAPL,1353970800000,33.18
AAPL,1354057200000,33.88
AAPL,1354143600000,34.09
AAPL,1354230000000,34.61
AAPL,1354489200000,34.70
AAPL,1354575600000,35.30
AAPL,1354662000000,35.40
AAPL,1354748400000,35.14
AAPL,1354834800000,35.48
AAPL,1355094000000,35.75
AAPL,1355180400000,35.54
AAPL,1355266800000,35.96
AAPL,1355353200000,35.53
AAPL,1355439600000,37.56
AAPL,1355698800000,37.42
AAPL,1355785200000,37.49
AAPL,1355871600000,38.09
AAPL,1355958000000,37.87
AAPL,1356044400000,37.71
AAPL,1356303600000,37.53
AAPL,1356476400000,37.55
AAPL,1356562800000,37.30
AAPL,1356649200000,36.90
AAPL,1356908400000,37.68
AAPL,1357081200000,38.34
AAPL,1357167600000,37.75
AAPL,1357254000000,38.13
AAPL,1357513200000,37.94
AAPL,1357599600000,38.14
AAPL,1357686000000,38.66
AAPL,1357772400000,38.62
AAPL,1357858800000,38.09
AAPL,1358118000000,38.16
AAPL,1358204400000,38.15
AAPL,1358290800000,37.88
AAPL,1358377200000,37.73
AAPL,1358463600000,37.98
AAPL,1358809200000,37.95
AAPL,1358895600000,38.25
AAPL,1358982000000,38.10
AAPL,1359068400000,38.32
AAPL,1359327600000,38.24
AAPL,1359414000000,38.52
AAPL,1359500400000,37.94
AAPL,1359586800000,37.83
AAPL,1359673200000,38.34
AAPL,1359932400000,38.10
AAPL,1360018800000,38.51
AAPL,1360105200000,38.40
AAPL,1360191600000,38.07
AAPL,1360278000000,39.12
AAPL,1360537200000,38.64
AAPL,1360623600000,38.89
AAPL,1360710000000,38.81
AAPL,1360796400000,38.61
AAPL,1360882800000,38.63
AAPL,1361228400000,38.99
AAPL,1361314800000,38.77
AAPL,1361401200000,38.34
AAPL,1361487600000,38.55
AAPL,1361746800000,38.11
AAPL,1361833200000,38.59
AAPL,1361919600000,39.60
AAPL,1362006000000,39.31
AAPL,1362092400000,39.83
AAPL,1362351600000,40.46
AAPL,1362438000000,41.46
AAPL,1362524400000,41.29
AAPL,1362610800000,41.50
AAPL,1362697200000,41.50
AAPL,1362956400000,41.48
AAPL,1363042800000,41.40
AAPL,1363129200000,41.59
AAPL,1363215600000,41.62
AAPL,1363302000000,41.38
AAPL,1363561200000,41.06
AAPL,1363647600000,40.75
AAPL,1363734000000,42.46
AAPL,1363820400000,42.18
AAPL,1363906800000,42.97
AAPL,1364166000000,42.49
AAPL,1364252400000,42.75
AAPL,1364338800000,42.66
AAPL,1364425200000,43.52
AAPL,1364767200000,43.38
AAPL,1364853600000,43.84
AAPL,1364940000000,43.70
AAPL,1365026400000,44.21
AAPL,1365112800000,43.38
AAPL,1365372000000,43.79
AAPL,1365458400000,44.17
AAPL,1365544800000,44.70
AAPL,1365631200000,45.21
AAPL,1365717600000,45.03
AAPL,1365976800000,44.60
AAPL,1366063200000,45.28
AAPL,1366149600000,44.90
AAPL,1366236000000,44.46
AAPL,1366322400000,44.74
AAPL,1366581600000,44.53
AAPL,1366668000000,44.87
AAPL,1366754400000,44.67
AAPL,1366840800000,45.05
AAPL,1366927200000,44.91
AAPL,1367186400000,45.06
AAPL,1367272800000,45.08
AAPL,1367359200000,44.71
AAPL,1367445600000,45.69
AAPL,1367532000000,47.01
AAPL,1367791200000,46.49
AAPL,1367877600000,45.60
AAPL,1367964000000,45.32
AAPL,1368050400000,43.97
AAPL,1368136800000,44.02
AAPL,1368396000000,43.61
AAPL,1368482400000,44.04
AAPL,1368568800000,45.07
AAPL,1368655200000,44.56
AAPL,1368741600000,44.61
AAPL,1369000800000,44.29
AAPL,1369087200000,44.02
AAPL,1369173600000,43.17
AAPL,1369260000000,42.77
AAPL,1369346400000,42.43
AAPL,1369692000000,42.91
AAPL,1369778400000,42.60
AAPL,1369864800000,43.19
AAPL,1369951200000,42.91
AAPL,1370210400000,43.46
AAPL,1370296800000,44.39
AAPL,1370383200000,43.84
AAPL,1370469600000,43.57
AAPL,1370556000000,44.12
AAPL,1370815200000,44.09
AAPL,1370901600000,43.12
AAPL,1370988000000,42.72
AAPL,1371074400000,43.30
AAPL,1371160800000,42.84
AAPL,1371420000000,43.39
AAPL,1371506400000,43.36
AAPL,1371592800000,45.78
AAPL,1371679200000,44.90
AAPL,1371765600000,44.77
AAPL,1372024800000,43.60
AAPL,1372111200000,44.37
AAPL,1372197600000,45.68
AAPL,1372284000000,45.93
AAPL,1372370400000,45.56
AAPL,1372629600000,46.23
AAPL,1372716000000,46.03
AAPL,1372802400000,46.42
AAPL,1372975200000,47.00
AAPL,1373234400000,46.62
AAPL,1373320800000,47.26
AAPL,1373407200000,47.25
AAPL,1373493600000,47.99
AAPL,1373580000000,48.39
AAPL,1373839200000,48.12
AAPL,1373925600000,47.48
AAPL,1374012000000,48.04
AAPL,1374098400000,48.19
AAPL,1374184800000,48.07
AAPL,1374444000000,48.28
AAPL,1374530400000,48.07
AAPL,1374616800000,47.80
AAPL,1374703200000,47.79
AAPL,1374789600000,47.64
AAPL,1375048800000,47.17
AAPL,1375135200000,47.36
AAPL,1375221600000,47.28
AAPL,1375308000000,47.70
AAPL,1375394400000,47.45
AAPL,1375653600000,47.63
AAPL,1375740000000,47.39
AAPL,1375826400000,47.10
AAPL,1375912800000,47.51
AAPL,1375999200000,47.18
AAPL,1376258400000,47.20
AAPL,1376344800000,47.14
AAPL,1376431200000,46.84
AAPL,1376517600000,45.87
AAPL,1376604000000,45.40
AAPL,1376863200000,44.89
AAPL,1376949600000,45.07
AAPL,1377036000000,45.14
AAPL,1377122400000,45.68
AAPL,1377208800000,45.77
AAPL,1377468000000,46.06
AAPL,1377554400000,45.50
AAPL,1377640800000,45.53
AAPL,1377727200000,45.93
AAPL,1377813600000,45.75
AAPL,1378159200000,45.88
AAPL,1378245600000,46.93
AAPL,1378332000000,46.73
AAPL,1378418400000,46.87
AAPL,1378677600000,47.25
AAPL,1378764000000,48.02
AAPL,1378850400000,48.20
AAPL,1378936800000,47.64
AAPL,1379023200000,47.76
AAPL,1379282400000,48.14
AAPL,1379368800000,48.14
AAPL,1379455200000,52.58
AAPL,1379541600000,51.87
AAPL,1379628000000,52.31
AAPL,1379887200000,51.80
AAPL,1379973600000,51.42
AAPL,1380060000000,51.87
AAPL,1380146400000,52.10
AAPL,1380232800000,52.03
AAPL,1380492000000,51.94
AAPL,1380578400000,52.43
AAPL,1380664800000,51.52
AAPL,1380751200000,50.88
AAPL,1380837600000,51.57
AAPL,1381096800000,50.82
AAPL,1381183200000,49.58
AAPL,1381269600000,49.45
AAPL,1381356000000,51.16
AAPL,1381442400000,52.19
AAPL,1381701600000,52.63
AAPL,1381788000000,51.93
AAPL,1381874400000,51.91
AAPL,1381960800000,52.06
AAPL,1382047200000,52.63
AAPL,1382306400000,53.08
AAPL,1382392800000,53.17
AAPL,1382479200000,53.06
AAPL,1382565600000,54.21
AAPL,1382652000000,53.81
AAPL,1382914800000,53.93
AAPL,1383001200000,54.86
AAPL,1383087600000,54.10
AAPL,1383174000000,54.22
AAPL,1383260400000,54.61
AAPL,1383519600000,55.39
AAPL,1383606000000,54.79
AAPL,1383692400000,54.88
AAPL,1383778800000,53.17
AAPL,1383865200000,54.84
AAPL,1384124400000,56.18
AAPL,1384210800000,56.24
AAPL,1384297200000,57.55
AAPL,1384383600000,57.17
AAPL,1384470000000,57.35
AAPL,1384729200000,56.60
AAPL,1384815600000,55.77
AAPL,1384902000000,55.94
AAPL,1384988400000,56.23
AAPL,1385074800000,56.41
AAPL,1385334000000,56.95
AAPL,1385420400000,56.70
AAPL,1385506800000,56.91
AAPL,1385679600000,56.78
AAPL,1385938800000,56.76
AAPL,1386025200000,56.40
AAPL,1386111600000,56.05
AAPL,1386198000000,55.04
AAPL,1386284400000,55.60
AAPL,1386543600000,55.44
AAPL,1386630000000,55.32
AAPL,1386716400000,54.64
AAPL,1386802800000,53.99
AAPL,1386889200000,60.89
AAPL,1387148400000,58.50
AAPL,1387234800000,57.67
AAPL,1387321200000,59.04
AAPL,1387407600000,58.13
AAPL,1387494000000,59.26
AAPL,1387753200000,59.47
AAPL,1387839600000,59.53
AAPL,1388012400000,59.58
AAPL,1388098800000,59.51
AAPL,1388358000000,59.55
AAPL,1388444400000,59.88
AAPL,1388617200000,59.29
AAPL,1388703600000,59.16
AAPL,1388962800000,58.12
AAPL,1389049200000,58.97
AAPL,1389135600000,58.90
AAPL,1389222000000,59.09
AAPL,1389308400000,59.53
AAPL,1389567600000,58.60
AAPL,1389654000000,60.37
AAPL,1389740400000,61.68
AAPL,1389826800000,61.63
AAPL,1389913200000,61.37
AAPL,1390258800000,60.85
AAPL,1390345200000,61.77
AAPL,1390431600000,60.88
AAPL,1390518000000,59.09
AAPL,1390777200000,58.36
AAPL,1390863600000,59.11
AAPL,1390950000000,58.46
AAPL,1391036400000,59.39
AAPL,1391122800000,59.19
AAPL,1391382000000,58.09
AAPL,1391468400000,59.72
AAPL,1391554800000,61.00
AAPL,1391641200000,61.34
AAPL,1391727600000,62.88
AAPL,1391986800000,63.78
AAPL,1392073200000,63.97
AAPL,1392159600000,65.14
AAPL,1392246000000,67.04
AAPL,1392332400000,68.34
AAPL,1392678000000,68.66
AAPL,1392764400000,67.99
AAPL,1392850800000,68.48
AAPL,1392937200000,68.22
AAPL,1393196400000,68.77
AAPL,1393282800000,68.01
AAPL,1393369200000,67.82
AAPL,1393455600000,69.92
AAPL,1393542000000,68.63
AAPL,1393801200000,67.86
AAPL,1393887600000,68.60
AAPL,1393974000000,68.90
AAPL,1394060400000,68.92
AAPL,1394146800000,68.52
AAPL,1394406000000,68.04
AAPL,1394492400000,67.47
AAPL,1394578800000,68.06
AAPL,1394665200000,67.08
AAPL,1394751600000,67.19
AAPL,1395010800000,68.17
AAPL,1395097200000,68.52
AAPL,1395183600000,67.63
AAPL,1395270000000,68.49
AAPL,1395356400000,67.14
AAPL,1395615600000,65.24
AAPL,1395702000000,65.81
AAPL,1395788400000,63.90
AAPL,1395874800000,64.53
AAPL,1395961200000,64.88
AAPL,1396216800000,65.74
AAPL,1396303200000,65.93
AAPL,1396389600000,65.48
AAPL,1396476000000,62.45
AAPL,1396562400000,61.32
AAPL,1396821600000,60.47
AAPL,1396908000000,61.82
AAPL,1396994400000,63.46
AAPL,1397080800000,61.49
AAPL,1397167200000,60.50
AAPL,1397426400000,61.39
AAPL,1397512800000,62.10
AAPL,1397599200000,63.04
AAPL,1397685600000,64.04
AAPL,1398031200000,64.30
AAPL,1398117600000,64.48
AAPL,1398204000000,64.39
AAPL,1398290400000,63.22
AAPL,1398376800000,61.61
AAPL,1398636000000,60.40
AAPL,1398722400000,60.91
AAPL,1398808800000,61.69
AAPL,1398895200000,62.59
AAPL,1398981600000,61.56
AAPL,1399240800000,61.44
AAPL,1399327200000,59.44
AAPL,1399413600000,58.63
AAPL,1399500000000,59.08
AAPL,1399586400000,59.59
AAPL,1399845600000,60.70
AAPL,1399932000000,60.81
AAPL,1400018400000,60.88
AAPL,1400104800000,60.20
AAPL,1400191200000,61.64
AAPL,1400450400000,62.20
AAPL,1400536800000,61.71
AAPL,1400623200000,62.47
AAPL,1400709600000,63.15
AAPL,1400796000000,64.30
AAPL,1401141600000,65.25
AAPL,1401228000000,64.84
AAPL,1401314400000,65.45
AAPL,1401400800000,64.54
AAPL,1401660000000,64.64
AAPL,1401746400000,64.09
AAPL,1401832800000,64.17
AAPL,1401919200000,65.47
AAPL,1402005600000,66.91
AAPL,1402264800000,66.93
AAPL,1402351200000,66.96
AAPL,1402437600000,67.46
AAPL,1402524000000,66.56
AAPL,1402610400000,66.82
AAPL,1402869600000,67.62
AAPL,1402956000000,67.54
AAPL,1403042400000,73.08
AAPL,1403128800000,72.95
AAPL,1403215200000,72.61
AAPL,1403474400000,72.89
AAPL,1403560800000,72.38
AAPL,1403647200000,72.44
AAPL,1403733600000,72.85
AAPL,1403820000000,72.00
AAPL,1404079200000,72.36
AAPL,1404165600000,73.01
AAPL,1404252000000,72.76
AAPL,1404338400000,73.57
AAPL,1404684000000,72.68
AAPL,1404770400000,71.14
AAPL,1404856800000,71.57
AAPL,1404943200000,71.70
AAPL,1405029600000,72.26
AAPL,1405288800000,72.88
AAPL,1405375200000,72.29
AAPL,1405461600000,72.38
AAPL,1405548000000,71.39
AAPL,1405634400000,72.55
AAPL,1405893600000,71.96
AAPL,1405980000000,72.26
AAPL,1406066400000,72.04
AAPL,1406152800000,72.80
AAPL,1406239200000,72.62
AAPL,1406498400000,72.70
AAPL,1406584800000,72.27
AAPL,1406671200000,71.89
AAPL,1406757600000,69.25
AAPL,1406844000000,68.94
AAPL,1407103200000,68.77
AAPL,1407189600000,68.97
AAPL,1407276000000,68.23
AAPL,1407362400000,67.83
AAPL,1407448800000,68.39
AAPL,1407708000000,68.97
AAPL,1407794400000,68.78
AAPL,1407880800000,69.79
AAPL,1407967200000,70.05
AAPL,1408053600000,70.07
AAPL,1408312800000,71.06
AAPL,1408399200000,72.05
AAPL,1408485600000,71.02
AAPL,1408572000000,71.73
AAPL,1408658400000,72.04
AAPL,1408917600000,71.82
AAPL,1409004000000,71.53
AAPL,1409090400000,71.55
AAPL,1409176800000,71.37
AAPL,1409263200000,71.90
AAPL,1409608800000,72.10
AAPL,1409695200000,72.43
AAPL,1409781600000,72.45
AAPL,1409868000000,73.13
AAPL,1410127200000,73.39
AAPL,1410213600000,72.42
AAPL,1410300000000,72.33
AAPL,1410386400000,72.42
AAPL,1410472800000,70.98
AAPL,1410732000000,70.27
AAPL,1410818400000,70.73
AAPL,1410904800000,67.30
AAPL,1410991200000,67.91
AAPL,1411077600000,66.94
AAPL,1411336800000,67.20
AAPL,1411423200000,67.79
AAPL,1411509600000,69.03
AAPL,1411596000000,67.71
AAPL,1411682400000,68.36
AAPL,1411941600000,69.22
AAPL,1412028000000,69.19
AAPL,1412114400000,67.54
AAPL,1412200800000,67.06
AAPL,1412287200000,68.40
AAPL,1412546400000,67.67
AAPL,1412632800000,65.96
AAPL,1412719200000,67.99
AAPL,1412805600000,65.66
AAPL,1412892000000,63.29
AAPL,1413151200000,61.68
AAPL,1413237600000,60.88
AAPL,1413324000000,62.19
AAPL,1413410400000,62.86
AAPL,1413496800000,64.52
AAPL,1413756000000,64.68
AAPL,1413842400000,66.42
AAPL,1413928800000,65.04
AAPL,1414015200000,65.92
AAPL,1414101600000,67.01
AAPL,1414364400000,67.03
AAPL,1414450800000,68.37
AAPL,1414537200000,67.93
AAPL,1414623600000,68.57
AAPL,1414710000000,70.12
AAPL,1414969200000,69.91
AAPL,1415055600000,71.07
AAPL,1415142000000,71.37
AAPL,1415228400000,72.10
AAPL,1415314800000,71.60
AAPL,1415574000000,71.70
AAPL,1415660400000,71.70
AAPL,1415746800000,71.41
AAPL,1415833200000,71.72
AAPL,1415919600000,71.42
AAPL,1416178800000,69.97
AAPL,1416265200000,70.83
AAPL,1416351600000,70.82
AAPL,1416438000000,70.44
AAPL,1416524400000,71.32
AAPL,1416783600000,71.22
AAPL,1416870000000,72.00
AAPL,1416956400000,72.98
AAPL,1417129200000,73.68
AAPL,1417388400000,73.75
AAPL,1417474800000,73.47
AAPL,1417561200000,73.18
AAPL,1417647600000,73.03
AAPL,1417734000000,72.40
AAPL,1417993200000,72.05
AAPL,1418079600000,71.56
AAPL,1418166000000,69.85
AAPL,1418252400000,69.74
AAPL,1418338800000,76.02
AAPL,1418598000000,73.04
AAPL,1418684400000,72.32
AAPL,1418770800000,74.00
AAPL,1418857200000,74.89
AAPL,1418943600000,74.45
AAPL,1419202800000,74.50
AAPL,1419289200000,74.38
AAPL,1419375600000,74.74
AAPL,1419548400000,74.67
AAPL,1419807600000,74.13
AAPL,1419894000000,73.08
AAPL,1419980400000,72.70
AAPL,1420153200000,72.34
AAPL,1420412400000,71.98
AAPL,1420498800000,70.53
AAPL,1420585200000,71.11
AAPL,1420671600000,72.92
AAPL,1420758000000,71.84
AAPL,1421017200000,71.12
AAPL,1421103600000,70.59
AAPL,1421190000000,69.99
AAPL,1421276400000,70.29
AAPL,1421362800000,71.73
AAPL,1421708400000,71.49
AAPL,1421794800000,71.54
AAPL,1421881200000,73.48
AAPL,1421967600000,74.06
AAPL,1422226800000,72.74
AAPL,1422313200000,71.46
AAPL,1422399600000,70.25
AAPL,1422486000000,71.64
AAPL,1422572400000,70.13
AAPL,1422831600000,71.11
AAPL,1422918000000,71.92
AAPL,1423004400000,72.28
AAPL,1423090800000,73.10
AAPL,1423177200000,72.54
AAPL,1423436400000,72.33
AAPL,1423522800000,72.76
AAPL,1423609200000,73.01
AAPL,1423695600000,74.59
AAPL,1423782000000,76.51
AAPL,1424127600000,77.13
AAPL,1424214000000,77.73
AAPL,1424300400000,77.73
AAPL,1424386800000,78.55
AAPL,1424646000000,78.10
AAPL,1424732400000,77.68
AAPL,1424818800000,78.07
AAPL,1424905200000,78.96
AAPL,1424991600000,79.10
AAPL,1425250800000,79.79
AAPL,1425337200000,78.99
AAPL,1425423600000,77.63
AAPL,1425510000000,78.62
AAPL,1425596400000,77.55
AAPL,1425855600000,77.93
AAPL,1425942000000,76.00
AAPL,1426028400000,76.01
AAPL,1426114800000,77.40
AAPL,1426201200000,77.62
AAPL,1426460400000,78.33
AAPL,1426546800000,79.66
AAPL,1426633200000,76.89
AAPL,1426719600000,77.14
AAPL,1426806000000,77.36
AAPL,1427065200000,76.35
AAPL,1427151600000,75.45
AAPL,1427238000000,73.13
AAPL,1427324400000,72.97
AAPL,1427410800000,73.31
AAPL,1427666400000,73.60
AAPL,1427752800000,73.94
AAPL,1427839200000,75.07
AAPL,1427925600000,75.68
AAPL,1428271200000,76.23
AAPL,1428357600000,75.65
AAPL,1428444000000,75.44
AAPL,1428530400000,76.33
AAPL,1428616800000,76.53
AAPL,1428876000000,76.02
AAPL,1428962400000,75.95
AAPL,1429048800000,76.03
AAPL,1429135200000,75.15
AAPL,1429221600000,73.15
AAPL,1429480800000,73.92
AAPL,1429567200000,74.62
AAPL,1429653600000,75.50
AAPL,1429740000000,76.52
AAPL,1429826400000,76.54
AAPL,1430085600000,76.55
AAPL,1430172000000,76.02
AAPL,1430258400000,76.65
AAPL,1430344800000,76.06
AAPL,1430431200000,76.43
AAPL,1430690400000,75.85
AAPL,1430776800000,75.00
AAPL,1430863200000,74.48
AAPL,1430949600000,74.73
AAPL,1431036000000,76.31
AAPL,1431295200000,76.78
AAPL,1431381600000,76.57
AAPL,1431468000000,77.08
AAPL,1431554400000,79.43
AAPL,1431640800000,78.92
AAPL,1431900000000,79.41
AAPL,1431986400000,79.62
AAPL,1432072800000,79.61
AAPL,1432159200000,80.56
AAPL,1432245600000,80.04
AAPL,1432591200000,79.36
AAPL,1432677600000,80.16
AAPL,1432764000000,80.02
AAPL,1432850400000,79.09
AAPL,1433109600000,79.87
AAPL,1433196000000,79.82
AAPL,1433282400000,80.13
AAPL,1433368800000,78.75
AAPL,1433455200000,78.86
AAPL,1433714400000,78.16
AAPL,1433800800000,77.90
AAPL,1433887200000,79.56
AAPL,1433973600000,79.65
AAPL,1434060000000,79.86
AAPL,1434319200000,78.90
AAPL,1434405600000,79.94
AAPL,1434492000000,77.91
AAPL,1434578400000,79.39
AAPL,1434664800000,79.70
AAPL,1434924000000,82.28
AAPL,1435010400000,83.55
AAPL,1435096800000,83.40
AAPL,1435183200000,83.94
AAPL,1435269600000,82.74
AAPL,1435528800000,81.28
AAPL,1435615200000,81.01
AAPL,1435701600000,80.94
AAPL,1435788000000,80.75
AAPL,1436133600000,80.50
AAPL,1436220000000,80.59
AAPL,1436306400000,79.99
AAPL,1436392800000,80.47
AAPL,1436479200000,80.59
AAPL,1436738400000,81.44
AAPL,1436824800000,81.89
AAPL,1436911200000,82.12
AAPL,1436997600000,82.52
AAPL,1437084000000,82.10
AAPL,1437343200000,82.09
AAPL,1437429600000,81.19
AAPL,1437516000000,80.73
AAPL,1437602400000,80.64
AAPL,1437688800000,80.98
AAPL,1437948000000,79.93
AAPL,1438034400000,80.59
AAPL,1438120800000,80.25
AAPL,1438207200000,81.29
AAPL,1438293600000,81.99
AAPL,1438552800000,81.40
AAPL,1438639200000,82.06
AAPL,1438725600000,83.38
AAPL,1438812000000,82.19
AAPL,1438898400000,82.69
AAPL,1439157600000,83.62
AAPL,1439244000000,83.90
AAPL,1439330400000,83.82
AAPL,1439416800000,84.31
AAPL,1439503200000,86.12
AAPL,1439762400000,86.77
AAPL,1439848800000,86.45
AAPL,1439935200000,85.48
AAPL,1440021600000,82.69
GOOG,1314964000000,498.17   
GOOG,1314050400000,518.82
GOOG,1314136800000,523.29
GOOG,1314223200000,520.04
GOOG,1314309600000,526.86
GOOG,1314568800000,539.08
GOOG,1314655200000,540.70
GOOG,1314741600000,540.96
GOOG,1314828000000,532.50
GOOG,1314914400000,524.84
GOOG,1315260000000,522.18
GOOG,1315346400000,534.03
GOOG,1315432800000,534.96
GOOG,1315519200000,524.85
GOOG,1315778400000,530.12
GOOG,1315864800000,529.52
GOOG,1315951200000,532.07
GOOG,1316037600000,542.56
GOOG,1316124000000,546.68
GOOG,1316383200000,546.67
GOOG,1316469600000,546.62
GOOG,1316556000000,539.20
GOOG,1316642400000,520.66
GOOG,1316728800000,525.51
GOOG,1316988000000,531.89
GOOG,1317074400000,539.34
GOOG,1317160800000,528.84
GOOG,1317247200000,527.50
GOOG,1317333600000,515.04
GOOG,1317592800000,495.52
GOOG,1317679200000,501.90
GOOG,1317765600000,504.70
GOOG,1317852000000,514.71
GOOG,1317938400000,515.12
GOOG,1318197600000,537.17
GOOG,1318284000000,543.18
GOOG,1318370400000,548.50
GOOG,1318456800000,558.99
GOOG,1318543200000,591.68
GOOG,1318802400000,582.41
GOOG,1318888800000,590.51
GOOG,1318975200000,580.70
GOOG,1319061600000,583.67
GOOG,1319148000000,590.49
GOOG,1319407200000,596.42
GOOG,1319493600000,583.16
GOOG,1319580000000,586.31
GOOG,1319666400000,598.67
GOOG,1319752800000,600.14
GOOG,1320015600000,592.64
GOOG,1320102000000,578.65
GOOG,1320188400000,584.82
GOOG,1320274800000,597.50
GOOG,1320361200000,596.14
GOOG,1320620400000,608.33
GOOG,1320706800000,612.34
GOOG,1320793200000,600.95
GOOG,1320879600000,595.08
GOOG,1320966000000,608.35
GOOG,1321225200000,613.00
GOOG,1321311600000,616.56
GOOG,1321398000000,611.47
GOOG,1321484400000,600.87
GOOG,1321570800000,594.88
GOOG,1321830000000,580.94
GOOG,1321916400000,580.00
GOOG,1322002800000,570.11
GOOG,1322175600000,563.00
GOOG,1322434800000,588.19
GOOG,1322521200000,582.93
GOOG,1322607600000,599.39
GOOG,1322694000000,613.77
GOOG,1322780400000,620.36
GOOG,1323039600000,625.65
GOOG,1323126000000,623.77
GOOG,1323212400000,623.39
GOOG,1323298800000,616.05
GOOG,1323385200000,627.42
GOOG,1323644400000,625.39
GOOG,1323730800000,625.63
GOOG,1323817200000,618.07
GOOG,1323903600000,619.54
GOOG,1323990000000,625.96
GOOG,1324249200000,621.83
GOOG,1324335600000,630.37
GOOG,1324422000000,625.82
GOOG,1324508400000,629.70
GOOG,1324594800000,633.14
GOOG,1324940400000,640.25
GOOG,1325026800000,639.70
GOOG,1325113200000,642.40
GOOG,1325199600000,645.90
GOOG,1325545200000,665.41
GOOG,1325631600000,668.28
GOOG,1325718000000,659.01
GOOG,1325804400000,650.02
GOOG,1326063600000,622.46
GOOG,1326150000000,623.14
GOOG,1326236400000,625.96
GOOG,1326322800000,629.64
GOOG,1326409200000,624.99
GOOG,1326754800000,628.58
GOOG,1326841200000,632.91
GOOG,1326927600000,639.57
GOOG,1327014000000,585.99
GOOG,1327273200000,585.52
GOOG,1327359600000,580.93
GOOG,1327446000000,569.49
GOOG,1327532400000,568.10
GOOG,1327618800000,579.98
GOOG,1327878000000,577.69
GOOG,1327964400000,580.11
GOOG,1328050800000,580.83
GOOG,1328137200000,585.11
GOOG,1328223600000,596.33
GOOG,1328482800000,609.09
GOOG,1328569200000,606.77
GOOG,1328655600000,609.85
GOOG,1328742000000,611.46
GOOG,1328828400000,605.91
GOOG,1329087600000,612.20
GOOG,1329174000000,609.76
GOOG,1329260400000,605.56
GOOG,1329346800000,606.52
GOOG,1329433200000,604.64
GOOG,1329778800000,614.00
GOOG,1329865200000,607.94
GOOG,1329951600000,606.11
GOOG,1330038000000,609.90
GOOG,1330297200000,609.31
GOOG,1330383600000,618.39
GOOG,1330470000000,618.25
GOOG,1330556400000,622.40
GOOG,1330642800000,621.25
GOOG,1330902000000,614.25
GOOG,1330988400000,604.96
GOOG,1331074800000,303.69
GOOG,1331161200000,303.86
GOOG,1331247600000,300.42
GOOG,1331506800000,302.87
GOOG,1331593200000,309.19
GOOG,1331679600000,308.29
GOOG,1331766000000,310.87
GOOG,1331852400000,312.82
GOOG,1332111600000,317.30
GOOG,1332198000000,317.05
GOOG,1332284400000,320.30
GOOG,1332370800000,323.34
GOOG,1332457200000,321.61
GOOG,1332712800000,324.98
GOOG,1332799200000,323.82
GOOG,1332885600000,328.20
GOOG,1332972000000,324.52
GOOG,1333058400000,320.93
GOOG,1333317600000,323.77
GOOG,1333404000000,321.62
GOOG,1333490400000,317.88
GOOG,1333576800000,316.47
GOOG,1333922400000,315.73
GOOG,1334008800000,313.73
GOOG,1334095200000,318.29
GOOG,1334181600000,325.82
GOOG,1334268000000,312.60
GOOG,1334527200000,303.33
GOOG,1334613600000,305.08
GOOG,1334700000000,304.02
GOOG,1334786400000,299.94
GOOG,1334872800000,298.32
GOOG,1335132000000,299.09
GOOG,1335218400000,300.93
GOOG,1335304800000,305.16
GOOG,1335391200000,308.03
GOOG,1335477600000,307.79
GOOG,1335736800000,302.72
GOOG,1335823200000,302.51
GOOG,1335909600000,303.92
GOOG,1335996000000,305.81
GOOG,1336082400000,298.77
GOOG,1336341600000,304.07
GOOG,1336428000000,306.69
GOOG,1336514400000,304.87
GOOG,1336600800000,307.13
GOOG,1336687200000,302.91
GOOG,1336946400000,302.29
GOOG,1337032800000,305.85
GOOG,1337119200000,314.77
GOOG,1337205600000,311.83
GOOG,1337292000000,300.49
GOOG,1337551200000,307.35
GOOG,1337637600000,300.69
GOOG,1337724000000,305.03
GOOG,1337810400000,302.12
GOOG,1337896800000,296.05
GOOG,1338242400000,297.46
GOOG,1338328800000,294.40
GOOG,1338415200000,290.71
GOOG,1338501600000,285.77
GOOG,1338760800000,289.58
GOOG,1338847200000,285.48
GOOG,1338933600000,290.57
GOOG,1339020000000,289.40
GOOG,1339106400000,290.51
GOOG,1339365600000,284.53
GOOG,1339452000000,282.82
GOOG,1339538400000,280.82
GOOG,1339624800000,279.80
GOOG,1339711200000,282.53
GOOG,1339970400000,285.70
GOOG,1340056800000,291.05
GOOG,1340143200000,289.04
GOOG,1340229600000,282.88
GOOG,1340316000000,286.02
GOOG,1340575200000,280.62
GOOG,1340661600000,282.61
GOOG,1340748000000,284.93
GOOG,1340834400000,282.43
GOOG,1340920800000,290.32
GOOG,1341180000000,290.52
GOOG,1341266400000,294.20
GOOG,1341439200000,298.25
GOOG,1341525600000,293.27
GOOG,1341784800000,293.29
GOOG,1341871200000,291.13
GOOG,1341957600000,285.87
GOOG,1342044000000,285.52
GOOG,1342130400000,288.54
GOOG,1342389600000,287.74
GOOG,1342476000000,288.64
GOOG,1342562400000,290.66
GOOG,1342648800000,296.82
GOOG,1342735200000,305.71
GOOG,1342994400000,308.05
GOOG,1343080800000,304.08
GOOG,1343167200000,304.29
GOOG,1343253600000,306.98
GOOG,1343340000000,317.79
GOOG,1343599200000,316.46
GOOG,1343685600000,316.79
GOOG,1343772000000,316.65
GOOG,1343858400000,314.68
GOOG,1343944800000,320.98
GOOG,1344204000000,321.72
GOOG,1344290400000,320.58
GOOG,1344376800000,321.43
GOOG,1344463200000,321.49
GOOG,1344549600000,321.31
GOOG,1344808800000,330.33
GOOG,1344895200000,334.65
GOOG,1344981600000,334.09
GOOG,1345068000000,336.76
GOOG,1345154400000,338.90
GOOG,1345413600000,338.10
GOOG,1345500000000,335.08
GOOG,1345586400000,338.92
GOOG,1345672800000,338.73
GOOG,1345759200000,339.64
GOOG,1346018400000,334.93
GOOG,1346104800000,338.95
GOOG,1346191200000,344.34
GOOG,1346277600000,341.17
GOOG,1346364000000,342.88
GOOG,1346709600000,340.85
GOOG,1346796000000,340.69
GOOG,1346882400000,350.04
GOOG,1346968800000,353.42
GOOG,1347228000000,350.72
GOOG,1347314400000,346.43
GOOG,1347400800000,345.78
GOOG,1347487200000,353.36
GOOG,1347573600000,355.18
GOOG,1347832800000,355.33
GOOG,1347919200000,359.49
GOOG,1348005600000,364.10
GOOG,1348092000000,364.41
GOOG,1348178400000,367.35
GOOG,1348437600000,375.05
GOOG,1348524000000,374.94
GOOG,1348610400000,377.10
GOOG,1348696800000,378.62
GOOG,1348783200000,377.62
GOOG,1349042400000,381.26
GOOG,1349128800000,378.86
GOOG,1349215200000,381.62
GOOG,1349301600000,384.40
GOOG,1349388000000,384.20
GOOG,1349647200000,379.29
GOOG,1349733600000,372.41
GOOG,1349820000000,372.64
GOOG,1349906400000,376.10
GOOG,1349992800000,372.74
GOOG,1350252000000,370.85
GOOG,1350338400000,372.71
GOOG,1350424800000,378.11
GOOG,1350511200000,347.84
GOOG,1350597600000,341.23
GOOG,1350856800000,339.66
GOOG,1350943200000,340.50
GOOG,1351029600000,338.98
GOOG,1351116000000,339.21
GOOG,1351202400000,337.90
GOOG,1351638000000,340.48
GOOG,1351724400000,344.13
GOOG,1351810800000,344.29
GOOG,1352070000000,341.81
GOOG,1352156400000,341.19
GOOG,1352242800000,333.88
GOOG,1352329200000,326.46
GOOG,1352415600000,331.84
GOOG,1352674800000,333.27
GOOG,1352761200000,329.85
GOOG,1352847600000,326.59
GOOG,1352934000000,323.94
GOOG,1353020400000,323.90
GOOG,1353279600000,334.43
GOOG,1353366000000,335.31
GOOG,1353452400000,333.26
GOOG,1353625200000,334.31
GOOG,1353884400000,330.90
GOOG,1353970800000,335.68
GOOG,1354057200000,342.17
GOOG,1354143600000,346.28
GOOG,1354230000000,349.52
GOOG,1354489200000,347.96
GOOG,1354575600000,345.85
GOOG,1354662000000,344.24
GOOG,1354748400000,345.90
GOOG,1354834800000,342.44
GOOG,1355094000000,343.04
GOOG,1355180400000,348.78
GOOG,1355266800000,349.12
GOOG,1355353200000,351.69
GOOG,1355439600000,351.32
GOOG,1355698800000,360.74
GOOG,1355785200000,360.88
GOOG,1355871600000,360.40
GOOG,1355958000000,361.53
GOOG,1356044400000,358.16
GOOG,1356303600000,355.09
GOOG,1356476400000,354.78
GOOG,1356562800000,353.49
GOOG,1356649200000,350.34
GOOG,1356908400000,354.03
GOOG,1357081200000,361.98
GOOG,1357167600000,362.19
GOOG,1357254000000,369.34
GOOG,1357513200000,367.73
GOOG,1357599600000,367.01
GOOG,1357686000000,369.42
GOOG,1357772400000,371.10
GOOG,1357858800000,370.35
GOOG,1358118000000,361.98
GOOG,1358204400000,362.82
GOOG,1358290800000,357.94
GOOG,1358377200000,356.00
GOOG,1358463600000,352.60
GOOG,1358809200000,351.78
GOOG,1358895600000,371.11
GOOG,1358982000000,377.28
GOOG,1359068400000,377.20
GOOG,1359327600000,375.73
GOOG,1359414000000,377.21
GOOG,1359500400000,377.28
GOOG,1359586800000,378.21
GOOG,1359673200000,388.18
GOOG,1359932400000,379.88
GOOG,1360018800000,383.24
GOOG,1360105200000,385.46
GOOG,1360191600000,387.35
GOOG,1360278000000,393.07
GOOG,1360537200000,391.59
GOOG,1360623600000,390.73
GOOG,1360710000000,391.81
GOOG,1360796400000,394.29
GOOG,1360882800000,396.83
GOOG,1361228400000,403.82
GOOG,1361314800000,396.61
GOOG,1361401200000,398.15
GOOG,1361487600000,400.24
GOOG,1361746800000,395.77
GOOG,1361833200000,395.45
GOOG,1361919600000,400.28
GOOG,1362006000000,400.99
GOOG,1362092400000,403.49
GOOG,1362351600000,411.15
GOOG,1362438000000,419.71
GOOG,1362524400000,416.09
GOOG,1362610800000,416.70
GOOG,1362697200000,416.16
GOOG,1362956400000,417.81
GOOG,1363042800000,414.21
GOOG,1363129200000,413.06
GOOG,1363215600000,411.17
GOOG,1363302000000,407.55
GOOG,1363561200000,404.29
GOOG,1363647600000,406.05
GOOG,1363734000000,407.75
GOOG,1363820400000,406.02
GOOG,1363906800000,405.55
GOOG,1364166000000,405.21
GOOG,1364252400000,406.60
GOOG,1364338800000,401.72
GOOG,1364425200000,397.48
GOOG,1364767200000,400.98
GOOG,1364853600000,406.91
GOOG,1364940000000,403.49
GOOG,1365026400000,397.92
GOOG,1365112800000,391.90
GOOG,1365372000000,387.80
GOOG,1365458400000,389.20
GOOG,1365544800000,395.47
GOOG,1365631200000,395.58
GOOG,1365717600000,395.41
GOOG,1365976800000,391.34
GOOG,1366063200000,397.07
GOOG,1366149600000,391.66
GOOG,1366236000000,383.33
GOOG,1366322400000,400.32
GOOG,1366581600000,400.45
GOOG,1366668000000,404.34
GOOG,1366754400000,407.12
GOOG,1366840800000,404.94
GOOG,1366927200000,401.10
GOOG,1367186400000,409.93
GOOG,1367272800000,412.68
GOOG,1367359200000,410.61
GOOG,1367445600000,415.21
GOOG,1367532000000,423.27
GOOG,1367791200000,431.19
GOOG,1367877600000,429.03
GOOG,1367964000000,437.24
GOOG,1368050400000,436.16
GOOG,1368136800000,440.54
GOOG,1368396000000,439.19
GOOG,1368482400000,443.98
GOOG,1368568800000,458.39
GOOG,1368655200000,452.37
GOOG,1368741600000,455.03
GOOG,1369000800000,454.71
GOOG,1369087200000,453.92
GOOG,1369173600000,445.14
GOOG,1369260000000,441.82
GOOG,1369346400000,437.08
GOOG,1369692000000,441.06
GOOG,1369778400000,434.58
GOOG,1369864800000,435.80
GOOG,1369951200000,436.03
GOOG,1370210400000,434.24
GOOG,1370296800000,429.97
GOOG,1370383200000,430.27
GOOG,1370469600000,432.74
GOOG,1370556000000,440.29
GOOG,1370815200000,445.54
GOOG,1370901600000,440.33
GOOG,1370988000000,436.41
GOOG,1371074400000,438.93
GOOG,1371160800000,437.94
GOOG,1371420000000,443.55
GOOG,1371506400000,450.75
GOOG,1371592800000,450.78
GOOG,1371679200000,442.80
GOOG,1371765600000,440.89
GOOG,1372024800000,435.32
GOOG,1372111200000,433.52
GOOG,1372197600000,437.25
GOOG,1372284000000,438.96
GOOG,1372370400000,440.61
GOOG,1372629600000,444.37
GOOG,1372716000000,441.58
GOOG,1372802400000,443.64
GOOG,1372975200000,447.18
GOOG,1373234400000,452.98
GOOG,1373320800000,453.06
GOOG,1373407200000,453.43
GOOG,1373493600000,460.57
GOOG,1373580000000,461.95
GOOG,1373839200000,462.79
GOOG,1373925600000,460.25
GOOG,1374012000000,459.72
GOOG,1374098400000,455.78
GOOG,1374184800000,448.73
GOOG,1374444000000,455.79
GOOG,1374530400000,452.34
GOOG,1374616800000,451.89
GOOG,1374703200000,444.28
GOOG,1374789600000,443.10
GOOG,1375048800000,441.56
GOOG,1375135200000,445.89
GOOG,1375221600000,444.31
GOOG,1375308000000,452.55
GOOG,1375394400000,453.72
GOOG,1375653600000,452.94
GOOG,1375740000000,448.72
GOOG,1375826400000,445.76
GOOG,1375912800000,446.76
GOOG,1375999200000,445.64
GOOG,1376258400000,443.18
GOOG,1376344800000,441.05
GOOG,1376431200000,435.33
GOOG,1376517600000,430.25
GOOG,1376604000000,428.87
GOOG,1376863200000,433.24
GOOG,1376949600000,433.13
GOOG,1377036000000,435.09
GOOG,1377122400000,437.28
GOOG,1377208800000,435.53
GOOG,1377468000000,433.62
GOOG,1377554400000,425.49
GOOG,1377640800000,424.69
GOOG,1377727200000,428.13
GOOG,1377813600000,423.86
GOOG,1378159200000,430.61
GOOG,1378245600000,436.24
GOOG,1378332000000,440.21
GOOG,1378418400000,440.22
GOOG,1378677600000,444.46
GOOG,1378764000000,444.77
GOOG,1378850400000,448.53
GOOG,1378936800000,446.97
GOOG,1379023200000,444.97
GOOG,1379282400000,444.31
GOOG,1379368800000,443.48
GOOG,1379455200000,452.10
GOOG,1379541600000,449.63
GOOG,1379628000000,451.99
GOOG,1379887200000,443.68
GOOG,1379973600000,443.85
GOOG,1380060000000,439.04
GOOG,1380146400000,439.51
GOOG,1380232800000,438.62
GOOG,1380492000000,438.38
GOOG,1380578400000,443.93
GOOG,1380664800000,444.43
GOOG,1380751200000,438.47
GOOG,1380837600000,436.60
GOOG,1381096800000,433.29
GOOG,1381183200000,427.25
GOOG,1381269600000,428.35
GOOG,1381356000000,434.54
GOOG,1381442400000,436.42
GOOG,1381701600000,438.48
GOOG,1381788000000,441.43
GOOG,1381874400000,449.45
GOOG,1381960800000,444.83
GOOG,1382047200000,506.19
GOOG,1382306400000,502.14
GOOG,1382392800000,503.99
GOOG,1382479200000,516.20
GOOG,1382565600000,513.27
GOOG,1382652000000,508.09
GOOG,1382914800000,507.99
GOOG,1383001200000,518.62
GOOG,1383087600000,515.71
GOOG,1383174000000,515.79
GOOG,1383260400000,514.02
GOOG,1383519600000,513.55
GOOG,1383606000000,511.26
GOOG,1383692400000,511.87
GOOG,1383778800000,504.46
GOOG,1383865200000,508.51
GOOG,1384124400000,505.79
GOOG,1384210800000,506.38
GOOG,1384297200000,516.74
GOOG,1384383600000,518.12
GOOG,1384470000000,517.28
GOOG,1384729200000,516.28
GOOG,1384815600000,513.10
GOOG,1384902000000,511.65
GOOG,1384988400000,517.54
GOOG,1385074800000,516.45
GOOG,1385334000000,523.47
GOOG,1385420400000,529.72
GOOG,1385506800000,532.07
GOOG,1385679600000,530.31
GOOG,1385938800000,527.75
GOOG,1386025200000,527.14
GOOG,1386111600000,529.60
GOOG,1386198000000,529.18
GOOG,1386284400000,535.45
GOOG,1386543600000,539.59
GOOG,1386630000000,542.86
GOOG,1386716400000,539.17
GOOG,1386802800000,535.50
GOOG,1386889200000,530.91
GOOG,1387148400000,537.01
GOOG,1387234800000,535.45
GOOG,1387321200000,542.90
GOOG,1387407600000,543.64
GOOG,1387494000000,550.84
GOOG,1387753200000,558.09
GOOG,1387839600000,556.46
GOOG,1388012400000,559.27
GOOG,1388098800000,559.74
GOOG,1388358000000,555.27
GOOG,1388444400000,560.90
GOOG,1388617200000,557.10
GOOG,1388703600000,553.04
GOOG,1388962800000,559.20
GOOG,1389049200000,569.98
GOOG,1389135600000,571.17
GOOG,1389222000000,565.67
GOOG,1389308400000,565.64
GOOG,1389567600000,562.03
GOOG,1389654000000,575.26
GOOG,1389740400000,574.87
GOOG,1389826800000,578.67
GOOG,1389913200000,575.82
GOOG,1390258800000,582.41
GOOG,1390345200000,583.08
GOOG,1390431600000,580.61
GOOG,1390518000000,562.46
GOOG,1390777200000,551.15
GOOG,1390863600000,562.05
GOOG,1390950000000,554.00
GOOG,1391036400000,568.25
GOOG,1391122800000,591.06
GOOG,1391382000000,567.26
GOOG,1391468400000,569.63
GOOG,1391554800000,572.15
GOOG,1391641200000,580.54
GOOG,1391727600000,589.29
GOOG,1391986800000,587.03
GOOG,1392073200000,595.67
GOOG,1392159600000,593.92
GOOG,1392246000000,600.53
GOOG,1392332400000,601.98
GOOG,1392678000000,606.03
GOOG,1392764400000,601.75
GOOG,1392850800000,602.64
GOOG,1392937200000,602.48
GOOG,1393196400000,606.84
GOOG,1393282800000,610.59
GOOG,1393369200000,610.68
GOOG,1393455600000,610.20
GOOG,1393542000000,608.41
GOOG,1393801200000,601.93
GOOG,1393887600000,608.04
GOOG,1393974000000,609.72
GOOG,1394060400000,610.40
GOOG,1394146800000,607.98
GOOG,1394406000000,606.37
GOOG,1394492400000,600.58
GOOG,1394578800000,604.24
GOOG,1394665200000,595.11
GOOG,1394751600000,586.97
GOOG,1395010800000,596.63
GOOG,1395097200000,606.22
GOOG,1395183600000,600.21
GOOG,1395270000000,599.16
GOOG,1395356400000,592.09
GOOG,1395615600000,579.53
GOOG,1395702000000,579.92
GOOG,1395788400000,566.53
GOOG,1395874800000,557.68
GOOG,1395961200000,560.62
GOOG,1396216800000,557.80
GOOG,1396303200000,568.00
GOOG,1396389600000,568.10
GOOG,1396476000000,571.50
GOOG,1396562400000,545.25
GOOG,1396821600000,540.63
GOOG,1396908000000,557.51
GOOG,1396994400000,567.04
GOOG,1397080800000,546.69
GOOG,1397167200000,537.76
GOOG,1397426400000,545.20
GOOG,1397512800000,548.70
GOOG,1397599200000,563.90
GOOG,1397685600000,543.34
GOOG,1398031200000,539.37
GOOG,1398117600000,545.50
GOOG,1398204000000,537.51
GOOG,1398290400000,534.44
GOOG,1398376800000,523.10
GOOG,1398636000000,522.98
GOOG,1398722400000,536.33
GOOG,1398808800000,534.88
GOOG,1398895200000,538.53
GOOG,1398981600000,533.87
GOOG,1399240800000,535.33
GOOG,1399327200000,522.57
GOOG,1399413600000,518.00
GOOG,1399500000000,520.17
GOOG,1399586400000,526.62
GOOG,1399845600000,538.43
GOOG,1399932000000,541.54
GOOG,1400018400000,534.41
GOOG,1400104800000,529.12
GOOG,1400191200000,528.30
GOOG,1400450400000,538.83
GOOG,1400536800000,540.39
GOOG,1400623200000,549.70
GOOG,1400709600000,555.45
GOOG,1400796000000,563.80
GOOG,1401141600000,574.87
GOOG,1401228000000,570.45
GOOG,1401314400000,570.56
GOOG,1401400800000,571.65
GOOG,1401660000000,564.34
GOOG,1401746400000,554.51
GOOG,1401832800000,553.76
GOOG,1401919200000,564.93
GOOG,1402005600000,566.03
GOOG,1402264800000,570.73
GOOG,1402351200000,568.30
GOOG,1402437600000,567.50
GOOG,1402524000000,559.50
GOOG,1402610400000,560.35
GOOG,1402869600000,552.30
GOOG,1402956000000,550.62
GOOG,1403042400000,560.66
GOOG,1403128800000,564.99
GOOG,1403215200000,566.52
GOOG,1403474400000,574.29
GOOG,1403560800000,572.54
GOOG,1403647200000,585.93
GOOG,1403733600000,584.77
GOOG,1403820000000,585.69
GOOG,1404079200000,584.67
GOOG,1404165600000,591.49
GOOG,1404252000000,590.78
GOOG,1404338400000,593.08
GOOG,1404684000000,590.76
GOOG,1404770400000,578.40
GOOG,1404856800000,583.36
GOOG,1404943200000,580.04
GOOG,1405029600000,586.65
GOOG,1405288800000,594.26
GOOG,1405375200000,593.06
GOOG,1405461600000,590.62
GOOG,1405548000000,580.82
GOOG,1405634400000,605.11
GOOG,1405893600000,598.44
GOOG,1405980000000,603.57
GOOG,1406066400000,605.19
GOOG,1406152800000,603.01
GOOG,1406239200000,598.08
GOOG,1406498400000,599.02
GOOG,1406584800000,593.95
GOOG,1406671200000,595.44
GOOG,1406757600000,579.55
GOOG,1406844000000,573.60
GOOG,1407103200000,582.27
GOOG,1407189600000,573.14
GOOG,1407276000000,574.49
GOOG,1407362400000,571.81
GOOG,1407448800000,577.94
GOOG,1407708000000,577.25
GOOG,1407794400000,572.12
GOOG,1407880800000,584.56
GOOG,1407967200000,584.65
GOOG,1408053600000,583.71
GOOG,1408312800000,592.70
GOOG,1408399200000,597.11
GOOG,1408485600000,595.41
GOOG,1408572000000,592.42
GOOG,1408658400000,592.54
GOOG,1408917600000,590.57
GOOG,1409004000000,588.12
GOOG,1409090400000,583.00
GOOG,1409176800000,580.32
GOOG,1409263200000,582.36
GOOG,1409608800000,588.63
GOOG,1409695200000,589.52
GOOG,1409781600000,593.14
GOOG,1409868000000,597.78
GOOG,1410127200000,601.63
GOOG,1410213600000,591.97
GOOG,1410300000000,593.42
GOOG,1410386400000,591.11
GOOG,1410472800000,584.90
GOOG,1410732000000,581.64
GOOG,1410818400000,588.78
GOOG,1410904800000,593.29
GOOG,1410991200000,597.27
GOOG,1411077600000,605.40
GOOG,1411336800000,597.27
GOOG,1411423200000,591.18
GOOG,1411509600000,598.42
GOOG,1411596000000,585.25
GOOG,1411682400000,587.90
GOOG,1411941600000,587.81
GOOG,1412028000000,588.41
GOOG,1412114400000,579.63
GOOG,1412200800000,580.88
GOOG,1412287200000,586.25
GOOG,1412546400000,587.78
GOOG,1412632800000,574.10
GOOG,1412719200000,583.74
GOOG,1412805600000,570.81
GOOG,1412892000000,555.19
GOOG,1413151200000,544.75
GOOG,1413237600000,548.69
GOOG,1413324000000,540.73
GOOG,1413410400000,536.92
GOOG,1413496800000,522.97
GOOG,1413756000000,532.38
GOOG,1413842400000,538.03
GOOG,1413928800000,542.69
GOOG,1414015200000,553.65
GOOG,1414101600000,548.90
GOOG,1414364400000,549.88
GOOG,1414450800000,558.94
GOOG,1414537200000,558.45
GOOG,1414623600000,560.27
GOOG,1414710000000,567.87
GOOG,1414969200000,563.77
GOOG,1415055600000,564.19
GOOG,1415142000000,555.95
GOOG,1415228400000,551.69
GOOG,1415314800000,551.82
GOOG,1415574000000,558.23
GOOG,1415660400000,561.29
GOOG,1415746800000,558.25
GOOG,1415833200000,556.44
GOOG,1415919600000,555.19
GOOG,1416178800000,546.64
GOOG,1416265200000,544.51
GOOG,1416351600000,547.20
GOOG,1416438000000,543.76
GOOG,1416524400000,545.89
GOOG,1416783600000,547.48
GOOG,1416870000000,549.23
GOOG,1416956400000,547.73
GOOG,1417129200000,549.08
GOOG,1417388400000,539.65
GOOG,1417474800000,538.59
GOOG,1417561200000,536.97
GOOG,1417647600000,542.58
GOOG,1417734000000,528.08
GOOG,1417993200000,530.73
GOOG,1418079600000,536.11
GOOG,1418166000000,528.04
GOOG,1418252400000,532.11
GOOG,1418338800000,521.51
GOOG,1418598000000,515.84
GOOG,1418684400000,498.16
GOOG,1418770800000,506.45
GOOG,1418857200000,514.62
GOOG,1418943600000,520.04
GOOG,1419202800000,532.30
GOOG,1419289200000,538.77
GOOG,1419375600000,536.93
GOOG,1419548400000,541.52
GOOG,1419807600000,537.31
GOOG,1419894000000,535.28
GOOG,1419980400000,530.66
GOOG,1420153200000,529.55
GOOG,1420412400000,519.46
GOOG,1420498800000,506.64
GOOG,1420585200000,505.15
GOOG,1420671600000,506.91
GOOG,1420758000000,500.72
GOOG,1421017200000,497.06
GOOG,1421103600000,501.80
GOOG,1421190000000,505.93
GOOG,1421276400000,504.01
GOOG,1421362800000,510.45
GOOG,1421708400000,509.94
GOOG,1421794800000,520.39
GOOG,1421881200000,537.30
GOOG,1421967600000,541.95
GOOG,1422226800000,536.72
GOOG,1422313200000,521.19
GOOG,1422399600000,512.43
GOOG,1422486000000,513.23
GOOG,1422572400000,537.55
GOOG,1422831600000,532.20
GOOG,1422918000000,533.30
GOOG,1423004400000,526.10
GOOG,1423090800000,529.83
GOOG,1423177200000,533.88
GOOG,1423436400000,529.28
GOOG,1423522800000,540.16
GOOG,1423609200000,538.00
GOOG,1423695600000,546.01
GOOG,1423782000000,551.16
GOOG,1424127600000,545.01
GOOG,1424214000000,542.65
GOOG,1424300400000,546.45
GOOG,1424386800000,541.80
GOOG,1424646000000,535.00
GOOG,1424732400000,538.65
GOOG,1424818800000,547.33
GOOG,1424905200000,559.29
GOOG,1424991600000,562.63
GOOG,1425250800000,575.02
GOOG,1425337200000,578.79
GOOG,1425423600000,578.33
GOOG,1425510000000,581.43
GOOG,1425596400000,572.90
GOOG,1425855600000,574.10
GOOG,1425942000000,559.85
GOOG,1426028400000,555.69
GOOG,1426114800000,561.17
GOOG,1426201200000,553.00
GOOG,1426460400000,561.64
GOOG,1426546800000,557.61
GOOG,1426633200000,566.16
GOOG,1426719600000,563.67
GOOG,1426806000000,564.95
GOOG,1427065200000,565.37
GOOG,1427151600000,577.54
GOOG,1427238000000,567.00
GOOG,1427324400000,563.64
GOOG,1427410800000,557.55
GOOG,1427666400000,561.13
GOOG,1427752800000,554.70
GOOG,1427839200000,549.49
GOOG,1427925600000,541.31
GOOG,1428271200000,543.95
GOOG,1428357600000,544.86
GOOG,1428444000000,548.84
GOOG,1428530400000,548.02
GOOG,1428616800000,548.54
GOOG,1428876000000,548.64
GOOG,1428962400000,539.78
GOOG,1429048800000,541.04
GOOG,1429135200000,543.52
GOOG,1429221600000,532.74
GOOG,1429480800000,544.53
GOOG,1429567200000,542.92
GOOG,1429653600000,549.18
GOOG,1429740000000,557.46
GOOG,1429826400000,573.66
GOOG,1430085600000,566.12
GOOG,1430172000000,564.37
GOOG,1430258400000,561.39
GOOG,1430344800000,548.77
GOOG,1430431200000,551.16
GOOG,1430690400000,552.84
GOOG,1430776800000,543.04
GOOG,1430863200000,535.08
GOOG,1430949600000,542.04
GOOG,1431036000000,548.95
GOOG,1431295200000,545.78
GOOG,1431381600000,538.73
GOOG,1431468000000,539.49
GOOG,1431554400000,549.20
GOOG,1431640800000,546.49
GOOG,1431900000000,546.67
GOOG,1431986400000,549.28
GOOG,1432072800000,552.51
GOOG,1432159200000,556.81
GOOG,1432245600000,554.52
GOOG,1432591200000,547.19
GOOG,1432677600000,554.25
GOOG,1432764000000,554.18
GOOG,1432850400000,545.32
GOOG,1433109600000,549.21
GOOG,1433196000000,553.95
GOOG,1433282400000,555.29
GOOG,1433368800000,551.69
GOOG,1433455200000,549.53
GOOG,1433714400000,543.48
GOOG,1433800800000,542.16
GOOG,1433887200000,552.60
GOOG,1433973600000,550.04
GOOG,1434060000000,547.47
GOOG,1434319200000,543.00
GOOG,1434405600000,544.87
GOOG,1434492000000,546.60
GOOG,1434578400000,556.18
GOOG,1434664800000,557.52
GOOG,1434924000000,559.68
GOOG,1435010400000,563.39
GOOG,1435096800000,558.57
GOOG,1435183200000,557.95
GOOG,1435269600000,553.06
GOOG,1435528800000,541.25
GOOG,1435615200000,540.04
GOOG,1435701600000,543.30
GOOG,1435788000000,547.34
GOOG,1436133600000,545.62
GOOG,1436220000000,550.03
GOOG,1436306400000,541.70
GOOG,1436392800000,544.65
GOOG,1436479200000,556.11
GOOG,1436738400000,571.73
GOOG,1436824800000,584.18
GOOG,1436911200000,583.96
GOOG,1436997600000,601.78
GOOG,1437084000000,699.62
GOOG,1437343200000,692.84
GOOG,1437429600000,695.35
GOOG,1437516000000,695.10
GOOG,1437602400000,674.73
GOOG,1437688800000,654.77
GOOG,1437948000000,658.27
GOOG,1438034400000,659.66
GOOG,1438120800000,661.43
GOOG,1438207200000,664.56
GOOG,1438293600000,657.50
GOOG,1438552800000,664.72
GOOG,1438639200000,661.28
GOOG,1438725600000,673.29
GOOG,1438812000000,670.15
GOOG,1438898400000,664.39
GOOG,1439157600000,663.14
GOOG,1439244000000,690.30
GOOG,1439330400000,691.47
GOOG,1439416800000,686.51
GOOG,1439503200000,689.37
GOOG,1439762400000,694.11
GOOG,1439848800000,688.73
GOOG,1439935200000,694.04
GOOG,1440021600000,679.48
MSFT,1313964000000,23.98
MSFT,1314050400000,24.72
MSFT,1314136800000,24.90
MSFT,1314223200000,24.57
MSFT,1314309600000,25.25
MSFT,1314568800000,25.84
MSFT,1314655200000,26.23
MSFT,1314741600000,26.60
MSFT,1314828000000,26.21
MSFT,1314914400000,25.80
MSFT,1315260000000,25.51
MSFT,1315346400000,26.00
MSFT,1315432800000,26.22
MSFT,1315519200000,25.74
MSFT,1315778400000,25.89
MSFT,1315864800000,26.04
MSFT,1315951200000,26.50
MSFT,1316037600000,26.99
MSFT,1316124000000,27.12
MSFT,1316383200000,27.21
MSFT,1316469600000,26.98
MSFT,1316556000000,25.99
MSFT,1316642400000,25.06
MSFT,1316728800000,25.06
MSFT,1316988000000,25.44
MSFT,1317074400000,25.67
MSFT,1317160800000,25.57
MSFT,1317247200000,25.45
MSFT,1317333600000,24.89
MSFT,1317592800000,24.53
MSFT,1317679200000,25.34
MSFT,1317765600000,25.89
MSFT,1317852000000,26.34
MSFT,1317938400000,26.25
MSFT,1318197600000,26.94
MSFT,1318284000000,27.00
MSFT,1318370400000,26.96
MSFT,1318456800000,27.18
MSFT,1318543200000,27.27
MSFT,1318802400000,26.98
MSFT,1318888800000,27.31
MSFT,1318975200000,27.13
MSFT,1319061600000,27.04
MSFT,1319148000000,27.16
MSFT,1319407200000,27.19
MSFT,1319493600000,26.81
MSFT,1319580000000,26.59
MSFT,1319666400000,27.25
MSFT,1319752800000,26.98
MSFT,1320015600000,26.63
MSFT,1320102000000,25.99
MSFT,1320188400000,26.01
MSFT,1320274800000,26.53
MSFT,1320361200000,26.25
MSFT,1320620400000,26.80
MSFT,1320706800000,27.16
MSFT,1320793200000,26.20
MSFT,1320879600000,26.28
MSFT,1320966000000,26.91
MSFT,1321225200000,26.76
MSFT,1321311600000,26.74
MSFT,1321398000000,26.07
MSFT,1321484400000,25.54
MSFT,1321570800000,25.30
MSFT,1321830000000,25.00
MSFT,1321916400000,24.79
MSFT,1322002800000,24.47
MSFT,1322175600000,24.30
MSFT,1322434800000,24.87
MSFT,1322521200000,24.84
MSFT,1322607600000,25.58
MSFT,1322694000000,25.28
MSFT,1322780400000,25.22
MSFT,1323039600000,25.70
MSFT,1323126000000,25.66
MSFT,1323212400000,25.60
MSFT,1323298800000,25.40
MSFT,1323385200000,25.70
MSFT,1323644400000,25.51
MSFT,1323730800000,25.76
MSFT,1323817200000,25.59
MSFT,1323903600000,25.56
MSFT,1323990000000,26.00
MSFT,1324249200000,25.53
MSFT,1324335600000,26.02
MSFT,1324422000000,25.76
MSFT,1324508400000,25.81
MSFT,1324594800000,26.03
MSFT,1324940400000,26.04
MSFT,1325026800000,25.82
MSFT,1325113200000,26.02
MSFT,1325199600000,25.96
MSFT,1325545200000,26.77
MSFT,1325631600000,27.40
MSFT,1325718000000,27.68
MSFT,1325804400000,28.11
MSFT,1326063600000,27.74
MSFT,1326150000000,27.84
MSFT,1326236400000,27.72
MSFT,1326322800000,28.00
MSFT,1326409200000,28.25
MSFT,1326754800000,28.25
MSFT,1326841200000,28.23
MSFT,1326927600000,28.12
MSFT,1327014000000,29.71
MSFT,1327273200000,29.73
MSFT,1327359600000,29.34
MSFT,1327446000000,29.56
MSFT,1327532400000,29.50
MSFT,1327618800000,29.23
MSFT,1327878000000,29.61
MSFT,1327964400000,29.53
MSFT,1328050800000,29.89
MSFT,1328137200000,29.95
MSFT,1328223600000,30.24
MSFT,1328482800000,30.20
MSFT,1328569200000,30.35
MSFT,1328655600000,30.66
MSFT,1328742000000,30.77
MSFT,1328828400000,30.50
MSFT,1329087600000,30.58
MSFT,1329174000000,30.25
MSFT,1329260400000,30.05
MSFT,1329346800000,31.29
MSFT,1329433200000,31.25
MSFT,1329778800000,31.44
MSFT,1329865200000,31.27
MSFT,1329951600000,31.37
MSFT,1330038000000,31.48
MSFT,1330297200000,31.35
MSFT,1330383600000,31.87
MSFT,1330470000000,31.74
MSFT,1330556400000,32.29
MSFT,1330642800000,32.08
MSFT,1330902000000,31.80
MSFT,1330988400000,31.55
MSFT,1331074800000,31.84
MSFT,1331161200000,32.01
MSFT,1331247600000,31.99
MSFT,1331506800000,32.04
MSFT,1331593200000,32.67
MSFT,1331679600000,32.77
MSFT,1331766000000,32.85
MSFT,1331852400000,32.60
MSFT,1332111600000,32.20
MSFT,1332198000000,31.99
MSFT,1332284400000,31.91
MSFT,1332370800000,32.00
MSFT,1332457200000,32.01
MSFT,1332712800000,32.59
MSFT,1332799200000,32.52
MSFT,1332885600000,32.19
MSFT,1332972000000,32.12
MSFT,1333058400000,32.26
MSFT,1333317600000,32.29
MSFT,1333404000000,31.94
MSFT,1333490400000,31.21
MSFT,1333576800000,31.52
MSFT,1333922400000,31.10
MSFT,1334008800000,30.47
MSFT,1334095200000,30.34
MSFT,1334181600000,30.98
MSFT,1334268000000,30.81
MSFT,1334527200000,31.07
MSFT,1334613600000,31.44
MSFT,1334700000000,31.14
MSFT,1334786400000,31.01
MSFT,1334872800000,32.42
MSFT,1335132000000,32.12
MSFT,1335218400000,31.92
MSFT,1335304800000,32.20
MSFT,1335391200000,32.11
MSFT,1335477600000,31.98
MSFT,1335736800000,32.02
MSFT,1335823200000,32.01
MSFT,1335909600000,31.80
MSFT,1335996000000,31.76
MSFT,1336082400000,30.98
MSFT,1336341600000,30.65
MSFT,1336428000000,30.50
MSFT,1336514400000,30.76
MSFT,1336600800000,30.74
MSFT,1336687200000,31.16
MSFT,1336946400000,30.68
MSFT,1337032800000,30.21
MSFT,1337119200000,29.90
MSFT,1337205600000,29.72
MSFT,1337292000000,29.27
MSFT,1337551200000,29.75
MSFT,1337637600000,29.76
MSFT,1337724000000,29.11
MSFT,1337810400000,29.07
MSFT,1337896800000,29.06
MSFT,1338242400000,29.56
MSFT,1338328800000,29.34
MSFT,1338415200000,29.19
MSFT,1338501600000,28.45
MSFT,1338760800000,28.55
MSFT,1338847200000,28.50
MSFT,1338933600000,29.35
MSFT,1339020000000,29.23
MSFT,1339106400000,29.65
MSFT,1339365600000,28.89
MSFT,1339452000000,29.29
MSFT,1339538400000,29.13
MSFT,1339624800000,29.34
MSFT,1339711200000,30.02
MSFT,1339970400000,29.84
MSFT,1340056800000,30.70
MSFT,1340143200000,30.93
MSFT,1340229600000,30.14
MSFT,1340316000000,30.70
MSFT,1340575200000,29.86
MSFT,1340661600000,30.02
MSFT,1340748000000,30.17
MSFT,1340834400000,29.91
MSFT,1340920800000,30.59
MSFT,1341180000000,30.56
MSFT,1341266400000,30.76
MSFT,1341439200000,30.70
MSFT,1341525600000,30.18
MSFT,1341784800000,30.00
MSFT,1341871200000,29.74
MSFT,1341957600000,29.30
MSFT,1342044000000,28.63
MSFT,1342130400000,29.39
MSFT,1342389600000,29.44
MSFT,1342476000000,29.66
MSFT,1342562400000,30.45
MSFT,1342648800000,30.66
MSFT,1342735200000,30.11
MSFT,1342994400000,29.28
MSFT,1343080800000,29.15
MSFT,1343167200000,28.83
MSFT,1343253600000,29.16
MSFT,1343340000000,29.75
MSFT,1343599200000,29.64
MSFT,1343685600000,29.47
MSFT,1343772000000,29.41
MSFT,1343858400000,29.19
MSFT,1343944800000,29.75
MSFT,1344204000000,29.95
MSFT,1344290400000,30.26
MSFT,1344376800000,30.33
MSFT,1344463200000,30.50
MSFT,1344549600000,30.42
MSFT,1344808800000,30.39
MSFT,1344895200000,30.13
MSFT,1344981600000,30.20
MSFT,1345068000000,30.78
MSFT,1345154400000,30.90
MSFT,1345413600000,30.74
MSFT,1345500000000,30.80
MSFT,1345586400000,30.54
MSFT,1345672800000,30.25
MSFT,1345759200000,30.56
MSFT,1346018400000,30.69
MSFT,1346104800000,30.63
MSFT,1346191200000,30.65
MSFT,1346277600000,30.32
MSFT,1346364000000,30.82
MSFT,1346709600000,30.39
MSFT,1346796000000,30.39
MSFT,1346882400000,31.34
MSFT,1346968800000,30.95
MSFT,1347228000000,30.72
MSFT,1347314400000,30.79
MSFT,1347400800000,30.78
MSFT,1347487200000,30.93
MSFT,1347573600000,31.21
MSFT,1347832800000,31.21
MSFT,1347919200000,31.18
MSFT,1348005600000,31.05
MSFT,1348092000000,31.45
MSFT,1348178400000,31.19
MSFT,1348437600000,30.78
MSFT,1348524000000,30.39
MSFT,1348610400000,30.16
MSFT,1348696800000,30.16
MSFT,1348783200000,29.76
MSFT,1349042400000,29.49
MSFT,1349128800000,29.66
MSFT,1349215200000,29.86
MSFT,1349301600000,30.03
MSFT,1349388000000,29.85
MSFT,1349647200000,29.78
MSFT,1349733600000,29.28
MSFT,1349820000000,28.98
MSFT,1349906400000,28.95
MSFT,1349992800000,29.20
MSFT,1350252000000,29.51
MSFT,1350338400000,29.49
MSFT,1350424800000,29.59
MSFT,1350511200000,29.50
MSFT,1350597600000,28.64
MSFT,1350856800000,28.00
MSFT,1350943200000,28.05
MSFT,1351029600000,27.90
MSFT,1351116000000,27.88
MSFT,1351202400000,28.21
MSFT,1351638000000,28.54
MSFT,1351724400000,29.52
MSFT,1351810800000,29.50
MSFT,1352070000000,29.63
MSFT,1352156400000,29.86
MSFT,1352242800000,29.08
MSFT,1352329200000,28.81
MSFT,1352415600000,28.83
MSFT,1352674800000,28.22
MSFT,1352761200000,27.09
MSFT,1352847600000,26.84
MSFT,1352934000000,26.66
MSFT,1353020400000,26.52
MSFT,1353279600000,26.73
MSFT,1353366000000,26.71
MSFT,1353452400000,26.95
MSFT,1353625200000,27.70
MSFT,1353884400000,27.39
MSFT,1353970800000,27.08
MSFT,1354057200000,27.36
MSFT,1354143600000,26.95
MSFT,1354230000000,26.61
MSFT,1354489200000,26.43
MSFT,1354575600000,26.37
MSFT,1354662000000,26.67
MSFT,1354748400000,26.73
MSFT,1354834800000,26.45
MSFT,1355094000000,26.94
MSFT,1355180400000,27.32
MSFT,1355266800000,27.24
MSFT,1355353200000,27.11
MSFT,1355439600000,26.81
MSFT,1355698800000,27.09
MSFT,1355785200000,27.56
MSFT,1355871600000,27.31
MSFT,1355958000000,27.68
MSFT,1356044400000,27.45
MSFT,1356303600000,27.06
MSFT,1356476400000,26.86
MSFT,1356562800000,26.96
MSFT,1356649200000,26.55
MSFT,1356908400000,26.71
MSFT,1357081200000,27.62
MSFT,1357167600000,27.25
MSFT,1357254000000,26.74
MSFT,1357513200000,26.69
MSFT,1357599600000,26.55
MSFT,1357686000000,26.70
MSFT,1357772400000,26.46
MSFT,1357858800000,26.83
MSFT,1358118000000,26.89
MSFT,1358204400000,27.21
MSFT,1358290800000,27.04
MSFT,1358377200000,27.25
MSFT,1358463600000,27.25
MSFT,1358809200000,27.15
MSFT,1358895600000,27.61
MSFT,1358982000000,27.63
MSFT,1359068400000,27.88
MSFT,1359327600000,27.91
MSFT,1359414000000,28.01
MSFT,1359500400000,27.85
MSFT,1359586800000,27.45
MSFT,1359673200000,27.93
MSFT,1359932400000,27.44
MSFT,1360018800000,27.50
MSFT,1360105200000,27.34
MSFT,1360191600000,27.28
MSFT,1360278000000,27.55
MSFT,1360537200000,27.86
MSFT,1360623600000,27.88
MSFT,1360710000000,28.03
MSFT,1360796400000,28.04
MSFT,1360882800000,28.01
MSFT,1361228400000,28.05
MSFT,1361314800000,27.87
MSFT,1361401200000,27.49
MSFT,1361487600000,27.76
MSFT,1361746800000,27.37
MSFT,1361833200000,27.37
MSFT,1361919600000,27.81
MSFT,1362006000000,27.80
MSFT,1362092400000,27.95
MSFT,1362351600000,28.15
MSFT,1362438000000,28.35
MSFT,1362524400000,28.09
MSFT,1362610800000,28.14
MSFT,1362697200000,28.00
MSFT,1362956400000,27.87
MSFT,1363042800000,27.91
MSFT,1363129200000,27.91
MSFT,1363215600000,28.14
MSFT,1363302000000,28.04
MSFT,1363561200000,28.10
MSFT,1363647600000,28.18
MSFT,1363734000000,28.32
MSFT,1363820400000,28.11
MSFT,1363906800000,28.25
MSFT,1364166000000,28.16
MSFT,1364252400000,28.16
MSFT,1364338800000,28.37
MSFT,1364425200000,28.61
MSFT,1364767200000,28.61
MSFT,1364853600000,28.80
MSFT,1364940000000,28.56
MSFT,1365026400000,28.59
MSFT,1365112800000,28.70
MSFT,1365372000000,28.59
MSFT,1365458400000,29.61
MSFT,1365544800000,30.28
MSFT,1365631200000,28.93
MSFT,1365717600000,28.79
MSFT,1365976800000,28.69
MSFT,1366063200000,28.97
MSFT,1366149600000,28.82
MSFT,1366236000000,28.79
MSFT,1366322400000,29.77
MSFT,1366581600000,30.83
MSFT,1366668000000,30.60
MSFT,1366754400000,31.76
MSFT,1366840800000,31.94
MSFT,1366927200000,31.79
MSFT,1367186400000,32.61
MSFT,1367272800000,33.10
MSFT,1367359200000,32.72
MSFT,1367445600000,33.16
MSFT,1367532000000,33.49
MSFT,1367791200000,33.75
MSFT,1367877600000,33.31
MSFT,1367964000000,32.99
MSFT,1368050400000,32.66
MSFT,1368136800000,32.69
MSFT,1368396000000,33.03
MSFT,1368482400000,33.53
MSFT,1368568800000,33.84
MSFT,1368655200000,34.08
MSFT,1368741600000,34.87
MSFT,1369000800000,35.08
MSFT,1369087200000,34.85
MSFT,1369173600000,34.61
MSFT,1369260000000,34.15
MSFT,1369346400000,34.27
MSFT,1369692000000,35.02
MSFT,1369778400000,34.88
MSFT,1369864800000,35.03
MSFT,1369951200000,34.90
MSFT,1370210400000,35.59
MSFT,1370296800000,34.99
MSFT,1370383200000,34.78
MSFT,1370469600000,34.96
MSFT,1370556000000,35.67
MSFT,1370815200000,35.47
MSFT,1370901600000,34.84
MSFT,1370988000000,35.00
MSFT,1371074400000,34.72
MSFT,1371160800000,34.40
MSFT,1371420000000,35.00
MSFT,1371506400000,34.98
MSFT,1371592800000,34.59
MSFT,1371679200000,33.49
MSFT,1371765600000,33.27
MSFT,1372024800000,33.72
MSFT,1372111200000,33.67
MSFT,1372197600000,34.35
MSFT,1372284000000,34.62
MSFT,1372370400000,34.55
MSFT,1372629600000,34.36
MSFT,1372716000000,33.94
MSFT,1372802400000,34.01
MSFT,1372975200000,34.21
MSFT,1373234400000,34.33
MSFT,1373320800000,34.35
MSFT,1373407200000,34.70
MSFT,1373493600000,35.69
MSFT,1373580000000,35.67
MSFT,1373839200000,36.17
MSFT,1373925600000,36.27
MSFT,1374012000000,35.74
MSFT,1374098400000,35.44
MSFT,1374184800000,31.40
MSFT,1374444000000,32.01
MSFT,1374530400000,31.82
MSFT,1374616800000,31.96
MSFT,1374703200000,31.39
MSFT,1374789600000,31.62
MSFT,1375048800000,31.54
MSFT,1375135200000,31.85
MSFT,1375221600000,31.84
MSFT,1375308000000,31.67
MSFT,1375394400000,31.89
MSFT,1375653600000,31.70
MSFT,1375740000000,31.58
MSFT,1375826400000,32.06
MSFT,1375912800000,32.89
MSFT,1375999200000,32.70
MSFT,1376258400000,32.87
MSFT,1376344800000,32.23
MSFT,1376431200000,32.35
MSFT,1376517600000,31.79
MSFT,1376604000000,31.80
MSFT,1376863200000,31.39
MSFT,1376949600000,31.62
MSFT,1377036000000,31.61
MSFT,1377122400000,32.39
MSFT,1377208800000,34.75
MSFT,1377468000000,34.15
MSFT,1377554400000,33.26
MSFT,1377640800000,33.02
MSFT,1377727200000,33.55
MSFT,1377813600000,33.40
MSFT,1378159200000,31.88
MSFT,1378245600000,31.20
MSFT,1378332000000,31.23
MSFT,1378418400000,31.15
MSFT,1378677600000,31.66
MSFT,1378764000000,32.39
MSFT,1378850400000,32.74
MSFT,1378936800000,32.69
MSFT,1379023200000,33.03
MSFT,1379282400000,32.80
MSFT,1379368800000,32.93
MSFT,1379455200000,33.32
MSFT,1379541600000,33.64
MSFT,1379628000000,32.79
MSFT,1379887200000,32.74
MSFT,1379973600000,32.45
MSFT,1380060000000,32.51
MSFT,1380146400000,32.77
MSFT,1380232800000,33.27
MSFT,1380492000000,33.28
MSFT,1380578400000,33.58
MSFT,1380664800000,33.92
MSFT,1380751200000,33.86
MSFT,1380837600000,33.88
MSFT,1381096800000,33.30
MSFT,1381183200000,33.01
MSFT,1381269600000,33.07
MSFT,1381356000000,33.76
MSFT,1381442400000,34.13
MSFT,1381701600000,34.45
MSFT,1381788000000,34.49
MSFT,1381874400000,34.64
MSFT,1381960800000,34.92
MSFT,1382047200000,34.96
MSFT,1382306400000,34.99
MSFT,1382392800000,34.58
MSFT,1382479200000,33.76
MSFT,1382565600000,33.72
MSFT,1382652000000,35.73
MSFT,1382914800000,35.57
MSFT,1383001200000,35.52
MSFT,1383087600000,35.54
MSFT,1383174000000,35.41
MSFT,1383260400000,35.52
MSFT,1383519600000,35.94
MSFT,1383606000000,36.64
MSFT,1383692400000,38.18
MSFT,1383778800000,37.50
MSFT,1383865200000,37.78
MSFT,1384124400000,37.59
MSFT,1384210800000,37.36
MSFT,1384297200000,38.16
MSFT,1384383600000,38.02
MSFT,1384470000000,37.84
MSFT,1384729200000,37.20
MSFT,1384815600000,36.74
MSFT,1384902000000,37.08
MSFT,1384988400000,37.40
MSFT,1385074800000,37.57
MSFT,1385334000000,37.64
MSFT,1385420400000,37.35
MSFT,1385506800000,37.60
MSFT,1385679600000,38.13
MSFT,1385938800000,38.45
MSFT,1386025200000,38.31
MSFT,1386111600000,38.94
MSFT,1386198000000,38.00
MSFT,1386284400000,38.36
MSFT,1386543600000,38.70
MSFT,1386630000000,38.11
MSFT,1386716400000,37.61
MSFT,1386802800000,37.22
MSFT,1386889200000,36.69
MSFT,1387148400000,36.88
MSFT,1387234800000,36.52
MSFT,1387321200000,36.58
MSFT,1387407600000,36.25
MSFT,1387494000000,36.80
MSFT,1387753200000,36.62
MSFT,1387839600000,37.08
MSFT,1388012400000,37.44
MSFT,1388098800000,37.29
MSFT,1388358000000,37.29
MSFT,1388444400000,37.41
MSFT,1388617200000,37.16
MSFT,1388703600000,36.91
MSFT,1388962800000,36.13
MSFT,1389049200000,36.41
MSFT,1389135600000,35.76
MSFT,1389222000000,35.53
MSFT,1389308400000,36.04
MSFT,1389567600000,34.98
MSFT,1389654000000,35.78
MSFT,1389740400000,36.76
MSFT,1389826800000,36.89
MSFT,1389913200000,36.38
MSFT,1390258800000,36.17
MSFT,1390345200000,35.93
MSFT,1390431600000,36.05
MSFT,1390518000000,36.80
MSFT,1390777200000,36.03
MSFT,1390863600000,36.27
MSFT,1390950000000,36.66
MSFT,1391036400000,36.86
MSFT,1391122800000,37.84
MSFT,1391382000000,36.48
MSFT,1391468400000,36.35
MSFT,1391554800000,35.82
MSFT,1391641200000,36.18
MSFT,1391727600000,36.56
MSFT,1391986800000,36.80
MSFT,1392073200000,37.17
MSFT,1392159600000,37.47
MSFT,1392246000000,37.61
MSFT,1392332400000,37.62
MSFT,1392678000000,37.42
MSFT,1392764400000,37.51
MSFT,1392850800000,37.75
MSFT,1392937200000,37.98
MSFT,1393196400000,37.69
MSFT,1393282800000,37.54
MSFT,1393369200000,37.47
MSFT,1393455600000,37.86
MSFT,1393542000000,38.31
MSFT,1393801200000,37.78
MSFT,1393887600000,38.41
MSFT,1393974000000,38.11
MSFT,1394060400000,38.15
MSFT,1394146800000,37.90
MSFT,1394406000000,37.82
MSFT,1394492400000,38.02
MSFT,1394578800000,38.27
MSFT,1394665200000,37.89
MSFT,1394751600000,37.70
MSFT,1395010800000,38.05
MSFT,1395097200000,39.55
MSFT,1395183600000,39.27
MSFT,1395270000000,40.33
MSFT,1395356400000,40.16
MSFT,1395615600000,40.50
MSFT,1395702000000,40.34
MSFT,1395788400000,39.79
MSFT,1395874800000,39.36
MSFT,1395961200000,40.30
MSFT,1396216800000,40.99
MSFT,1396303200000,41.42
MSFT,1396389600000,41.35
MSFT,1396476000000,41.01
MSFT,1396562400000,39.87
MSFT,1396821600000,39.80
MSFT,1396908000000,39.82
MSFT,1396994400000,40.47
MSFT,1397080800000,39.36
MSFT,1397167200000,39.21
MSFT,1397426400000,39.18
MSFT,1397512800000,39.75
MSFT,1397599200000,40.40
MSFT,1397685600000,40.01
MSFT,1398031200000,39.94
MSFT,1398117600000,39.99
MSFT,1398204000000,39.69
MSFT,1398290400000,39.86
MSFT,1398376800000,39.91
MSFT,1398636000000,40.87
MSFT,1398722400000,40.51
MSFT,1398808800000,40.40
MSFT,1398895200000,40.00
MSFT,1398981600000,39.69
MSFT,1399240800000,39.43
MSFT,1399327200000,39.06
MSFT,1399413600000,39.42
MSFT,1399500000000,39.64
MSFT,1399586400000,39.54
MSFT,1399845600000,39.97
MSFT,1399932000000,40.42
MSFT,1400018400000,40.24
MSFT,1400104800000,39.60
MSFT,1400191200000,39.83
MSFT,1400450400000,39.75
MSFT,1400536800000,39.68
MSFT,1400623200000,40.35
MSFT,1400709600000,40.10
MSFT,1400796000000,40.12
MSFT,1401141600000,40.19
MSFT,1401228000000,40.01
MSFT,1401314400000,40.34
MSFT,1401400800000,40.94
MSFT,1401660000000,40.79
MSFT,1401746400000,40.29
MSFT,1401832800000,40.32
MSFT,1401919200000,41.21
MSFT,1402005600000,41.48
MSFT,1402264800000,41.27
MSFT,1402351200000,41.11
MSFT,1402437600000,40.86
MSFT,1402524000000,40.58
MSFT,1402610400000,41.23
MSFT,1402869600000,41.50
MSFT,1402956000000,41.68
MSFT,1403042400000,41.65
MSFT,1403128800000,41.51
MSFT,1403215200000,41.68
MSFT,1403474400000,41.99
MSFT,1403560800000,41.74
MSFT,1403647200000,42.03
MSFT,1403733600000,41.72
MSFT,1403820000000,42.25
MSFT,1404079200000,41.70
MSFT,1404165600000,41.87
MSFT,1404252000000,41.90
MSFT,1404338400000,41.80
MSFT,1404684000000,41.99
MSFT,1404770400000,41.78
MSFT,1404856800000,41.67
MSFT,1404943200000,41.69
MSFT,1405029600000,42.09
MSFT,1405288800000,42.14
MSFT,1405375200000,42.45
MSFT,1405461600000,44.08
MSFT,1405548000000,44.53
MSFT,1405634400000,44.69
MSFT,1405893600000,44.84
MSFT,1405980000000,44.83
MSFT,1406066400000,44.87
MSFT,1406152800000,44.40
MSFT,1406239200000,44.50
MSFT,1406498400000,43.97
MSFT,1406584800000,43.88
MSFT,1406671200000,43.58
MSFT,1406757600000,43.16
MSFT,1406844000000,42.86
MSFT,1407103200000,43.37
MSFT,1407189600000,43.08
MSFT,1407276000000,42.74
MSFT,1407362400000,43.23
MSFT,1407448800000,43.20
MSFT,1407708000000,43.20
MSFT,1407794400000,43.52
MSFT,1407880800000,44.08
MSFT,1407967200000,44.27
MSFT,1408053600000,44.79
MSFT,1408312800000,45.11
MSFT,1408399200000,45.33
MSFT,1408485600000,44.95
MSFT,1408572000000,45.22
MSFT,1408658400000,45.15
MSFT,1408917600000,45.17
MSFT,1409004000000,45.01
MSFT,1409090400000,44.87
MSFT,1409176800000,44.88
MSFT,1409263200000,45.43
MSFT,1409608800000,45.09
MSFT,1409695200000,44.96
MSFT,1409781600000,45.26
MSFT,1409868000000,45.91
MSFT,1410127200000,46.47
MSFT,1410213600000,46.76
MSFT,1410300000000,46.84
MSFT,1410386400000,47.00
MSFT,1410472800000,46.70
MSFT,1410732000000,46.24
MSFT,1410818400000,46.76
MSFT,1410904800000,46.52
MSFT,1410991200000,46.68
MSFT,1411077600000,47.52
MSFT,1411336800000,47.06
MSFT,1411423200000,46.56
MSFT,1411509600000,47.08
MSFT,1411596000000,46.04
MSFT,1411682400000,46.41
MSFT,1411941600000,46.44
MSFT,1412028000000,46.36
MSFT,1412114400000,45.90
MSFT,1412200800000,45.76
MSFT,1412287200000,46.09
MSFT,1412546400000,46.09
MSFT,1412632800000,45.53
MSFT,1412719200000,46.78
MSFT,1412805600000,45.85
MSFT,1412892000000,44.03
MSFT,1413151200000,43.65
MSFT,1413237600000,43.73
MSFT,1413324000000,43.22
MSFT,1413410400000,42.74
MSFT,1413496800000,43.63
MSFT,1413756000000,44.08
MSFT,1413842400000,44.88
MSFT,1413928800000,44.38
MSFT,1414015200000,45.02
MSFT,1414101600000,46.13
MSFT,1414364400000,45.91
MSFT,1414450800000,46.49
MSFT,1414537200000,46.62
MSFT,1414623600000,46.05
MSFT,1414710000000,46.95
MSFT,1414969200000,47.44
MSFT,1415055600000,47.57
MSFT,1415142000000,47.86
MSFT,1415228400000,48.70
MSFT,1415314800000,48.68
MSFT,1415574000000,48.89
MSFT,1415660400000,48.87
MSFT,1415746800000,48.78
MSFT,1415833200000,49.61
MSFT,1415919600000,49.58
MSFT,1416178800000,49.46
MSFT,1416265200000,48.74
MSFT,1416351600000,48.22
MSFT,1416438000000,48.70
MSFT,1416524400000,47.98
MSFT,1416783600000,47.59
MSFT,1416870000000,47.47
MSFT,1416956400000,47.75
MSFT,1417129200000,47.81
MSFT,1417388400000,48.62
MSFT,1417474800000,48.46
MSFT,1417561200000,48.08
MSFT,1417647600000,48.84
MSFT,1417734000000,48.42
MSFT,1417993200000,47.70
MSFT,1418079600000,47.59
MSFT,1418166000000,46.90
MSFT,1418252400000,47.17
MSFT,1418338800000,46.95
MSFT,1418598000000,46.67
MSFT,1418684400000,45.16
MSFT,1418770800000,45.74
MSFT,1418857200000,47.52
MSFT,1418943600000,47.66
MSFT,1419202800000,47.98
MSFT,1419289200000,48.45
MSFT,1419375600000,48.14
MSFT,1419548400000,47.88
MSFT,1419807600000,47.45
MSFT,1419894000000,47.02
MSFT,1419980400000,46.45
MSFT,1420153200000,46.76
MSFT,1420412400000,46.33
MSFT,1420498800000,45.65
MSFT,1420585200000,46.23
MSFT,1420671600000,47.59
MSFT,1420758000000,47.19
MSFT,1421017200000,46.60
MSFT,1421103600000,46.35
MSFT,1421190000000,45.95
MSFT,1421276400000,45.48
MSFT,1421362800000,46.24
MSFT,1421708400000,46.39
MSFT,1421794800000,45.92
MSFT,1421881200000,47.13
MSFT,1421967600000,47.18
MSFT,1422226800000,47.01
MSFT,1422313200000,42.66
MSFT,1422399600000,41.19
MSFT,1422486000000,42.01
MSFT,1422572400000,40.40
MSFT,1422831600000,41.28
MSFT,1422918000000,41.60
MSFT,1423004400000,41.84
MSFT,1423090800000,42.45
MSFT,1423177200000,42.41
MSFT,1423436400000,42.36
MSFT,1423522800000,42.60
MSFT,1423609200000,42.38
MSFT,1423695600000,43.09
MSFT,1423782000000,43.87
MSFT,1424127600000,43.58
MSFT,1424214000000,43.53
MSFT,1424300400000,43.50
MSFT,1424386800000,43.85
MSFT,1424646000000,44.15
MSFT,1424732400000,44.09
MSFT,1424818800000,43.99
MSFT,1424905200000,44.05
MSFT,1424991600000,43.85
MSFT,1425250800000,43.88
MSFT,1425337200000,43.28
MSFT,1425423600000,43.05
MSFT,1425510000000,43.11
MSFT,1425596400000,42.36
MSFT,1425855600000,42.85
MSFT,1425942000000,42.03
MSFT,1426028400000,41.98
MSFT,1426114800000,41.02
MSFT,1426201200000,41.38
MSFT,1426460400000,41.56
MSFT,1426546800000,41.70
MSFT,1426633200000,42.50
MSFT,1426719600000,42.28
MSFT,1426806000000,42.88
MSFT,1427065200000,42.85
MSFT,1427151600000,42.90
MSFT,1427238000000,41.46
MSFT,1427324400000,41.21
MSFT,1427410800000,40.97
MSFT,1427666400000,40.96
MSFT,1427752800000,40.66
MSFT,1427839200000,40.72
MSFT,1427925600000,40.29
MSFT,1428271200000,41.55
MSFT,1428357600000,41.53
MSFT,1428444000000,41.42
MSFT,1428530400000,41.48
MSFT,1428616800000,41.72
MSFT,1428876000000,41.76
MSFT,1428962400000,41.65
MSFT,1429048800000,42.26
MSFT,1429135200000,42.16
MSFT,1429221600000,41.62
MSFT,1429480800000,42.91
MSFT,1429567200000,42.63
MSFT,1429653600000,42.98
MSFT,1429740000000,43.34
MSFT,1429826400000,47.87
MSFT,1430085600000,48.03
MSFT,1430172000000,49.16
MSFT,1430258400000,49.06
MSFT,1430344800000,48.64
MSFT,1430431200000,48.66
MSFT,1430690400000,48.24
MSFT,1430776800000,47.60
MSFT,1430863200000,46.28
MSFT,1430949600000,46.70
MSFT,1431036000000,47.75
MSFT,1431295200000,47.37
MSFT,1431381600000,47.35
MSFT,1431468000000,47.62
MSFT,1431554400000,48.72
MSFT,1431640800000,48.30
MSFT,1431900000000,48.01
MSFT,1431986400000,47.58
MSFT,1432072800000,47.58
MSFT,1432159200000,47.42
MSFT,1432245600000,46.90
MSFT,1432591200000,46.59
MSFT,1432677600000,47.61
MSFT,1432764000000,47.45
MSFT,1432850400000,46.86
MSFT,1433109600000,47.23
MSFT,1433196000000,46.92
MSFT,1433282400000,46.85
MSFT,1433368800000,46.36
MSFT,1433455200000,46.14
MSFT,1433714400000,45.73
MSFT,1433800800000,45.65
MSFT,1433887200000,46.61
MSFT,1433973600000,46.44
MSFT,1434060000000,45.97
MSFT,1434319200000,45.48
MSFT,1434405600000,45.83
MSFT,1434492000000,45.97
MSFT,1434578400000,46.72
MSFT,1434664800000,46.10
MSFT,1434924000000,46.23
MSFT,1435010400000,45.91
MSFT,1435096800000,45.63
MSFT,1435183200000,45.65
MSFT,1435269600000,45.26
MSFT,1435528800000,44.37
MSFT,1435615200000,44.15
MSFT,1435701600000,44.45
MSFT,1435788000000,44.40
MSFT,1436133600000,44.39
MSFT,1436220000000,44.30
MSFT,1436306400000,44.24
MSFT,1436392800000,44.52
MSFT,1436479200000,44.61
MSFT,1436738400000,45.54
MSFT,1436824800000,45.62
MSFT,1436911200000,45.76
MSFT,1436997600000,46.66
MSFT,1437084000000,46.62
MSFT,1437343200000,46.92
MSFT,1437429600000,47.28
MSFT,1437516000000,45.54
MSFT,1437602400000,46.11
MSFT,1437688800000,45.94
MSFT,1437948000000,45.35
MSFT,1438034400000,45.34
MSFT,1438120800000,46.29
MSFT,1438207200000,46.88
MSFT,1438293600000,46.70
MSFT,1438552800000,46.81
MSFT,1438639200000,47.54
MSFT,1438725600000,47.58
MSFT,1438812000000,46.62
MSFT,1438898400000,46.74
MSFT,1439157600000,47.33
MSFT,1439244000000,46.41
MSFT,1439330400000,46.74
MSFT,1439416800000,46.73
MSFT,1439503200000,47.00
MSFT,1439762400000,47.32
MSFT,1439848800000,47.27
MSFT,1439935200000,46.61
MSFT,1440021600000,45.66
